year,mon,day,time,strata,count.upstream,count.downstream,number.up,notes,camera.desc,minutes,seconds
2024,4,30,0,1,1,0,1,DD,pi,4,58
2024,4,30,15,1,0,0,0,DD,pi,4,58
2024,4,30,240,1,0,0,0,DD,pi,4,58
2024,4,30,245,1,0,0,0,DD,pi,4,58
2024,4,30,530,2,0,0,0,DD,pi,4,58
2024,4,30,615,2,0,0,0,DD,pi,4,58
2024,4,30,800,2,0,0,0,DD,pi,4,58
2024,4,30,830,2,0,0,0,DD,pi,4,58
2024,4,30,1045,3,2,0,2,DD,pi,4,58
2024,4,30,1105,3,1,0,1,DD,pi,4,58
2024,4,30,1130,3,8,0,8,DD,pi,4,58
2024,4,30,1325,3,2,0,2,DD,pi,4,58
2024,4,30,1400,4,3,0,3,DD,pi,4,58
2024,4,30,1415,4,4,0,4,DD,pi,4,58
2024,4,30,1500,4,9,0,9,DD,pi,4,58
2024,4,30,1605,4,10,0,10,DD,pi,4,58
2024,4,30,1735,5,68,0,68,DD,pi,4,58
2024,4,30,1750,5,54,0,54,DD,pi,4,58
2024,4,30,1755,5,74,0,74,DD,pi,4,58
2024,4,30,1930,5,56,1,55,DD,pi,4,58
2024,4,30,2145,6,5,0,5,DD,pi,4,58
2024,4,30,2305,6,1,0,1,DD,pi,4,58
2024,4,30,2335,6,5,0,5,DD,pi,4,58
2024,4,30,2345,6,2,0,2,DD,pi,4,58
2024,5,1,15,1,3,0,3,DD,pi,4,58
2024,5,1,120,1,1,1,0,DD,pi,4,58
2024,5,1,255,1,0,0,0,DD,pi,4,58
2024,5,1,345,1,1,0,1,DD,pi,4,58
2024,5,1,550,2,1,0,1,DD,pi,4,58
2024,5,1,655,2,0,0,0,DD,pi,4,58
2024,5,1,815,2,0,0,0,DD,pi,4,58
2024,5,1,835,2,0,0,0,DD,pi,4,58
2024,5,1,1120,3,1,0,1,DD,pi,4,58
2024,5,1,1205,3,8,0,8,DD,pi,4,58
2024,5,1,1240,3,4,0,4,DD,pi,4,58
2024,5,1,1255,3,2,0,2,DD,pi,4,58
2024,5,1,1415,4,15,0,15,DD,pi,4,58
2024,5,1,1500,4,15,0,15,DD,pi,4,58
2024,5,1,1620,4,28,0,28,DD,pi,4,58
2024,5,1,1630,4,13,0,13,DD,pi,4,58
2024,5,1,1655,5,26,0,26,DD,pi,4,58
2024,5,1,1740,5,44,0,44,DD,pi,4,58
2024,5,1,1755,5,31,0,31,DD,pi,4,58
2024,5,1,1825,5,63,0,63,DD,pi,4,58
2024,5,1,2140,6,4,0,4,DD,pi,4,58
2024,5,1,2220,6,2,0,2,DD,pi,4,58
2024,5,1,2305,6,0,0,0,DD,pi,4,58
2024,5,1,2345,6,0,0,0,DD,pi,4,58
2024,5,2,30,1,0,0,0,DD,pi,4,58
2024,5,2,140,1,2,0,2,DD,pi,4,58
2024,5,2,405,1,0,0,0,DD,pi,4,58
2024,5,2,425,1,1,0,1,DD,pi,4,58
2024,5,2,645,2,0,0,0,DD,pi,4,58
2024,5,2,720,2,0,0,0,DD,pi,4,58
2024,5,2,755,2,0,0,0,DD,pi,4,58
2024,5,2,1015,2,0,0,0,DD,pi,4,58
2024,5,2,1135,3,0,0,0,DD,pi,4,58
2024,5,2,1140,3,1,0,1,DD,pi,4,58
2024,5,2,1150,3,0,0,0,DD,pi,4,58
2024,5,2,1245,3,5,0,5,DD,pi,4,58
2024,5,2,1355,4,4,0,4,DD,PI,4,58
2024,5,2,1405,4,5,0,5,DD,pi,4,58
2024,5,2,1455,4,12,0,12,DD,pi,4,58
2024,5,2,1525,4,5,0,5,DD,pi,4,58
2024,5,2,1650,5,10,0,10,DD,pi,4,58
2024,5,2,1725,5,10,0,10,DD,pi,4,58
2024,5,2,1855,5,55,0,55,DD,pi,4,58
2024,5,2,2010,5,6,0,6,DD,pi,4,58
2024,5,2,2255,6,3,0,3,DD,pi,4,58
2024,5,2,2305,6,0,0,0,DD,pi,4,58
2024,5,2,2310,6,4,1,3,DD,pi,4,58
2024,5,2,2340,6,0,0,0,DD,pi,4,58
2024,5,3,30,1,0,0,0,DD,pi,4,58
2024,5,3,205,1,0,0,0,DD,pi,4,58
2024,5,3,255,1,0,0,0,DD,pi,4,58
2024,5,3,400,1,0,0,0,DD,pi,4,58
2024,5,3,525,2,1,0,1,DD,pi,4,58
2024,5,3,735,2,0,0,0,DD,pi,4,58
2024,5,3,850,2,5,0,5,DD,pi,4,58
2024,5,3,855,2,1,0,1,DD,pi,4,58
2024,5,3,1155,3,4,0,4,DD,pi,4,58
2024,5,3,1200,3,5,0,5,DD,pi,4,58
2024,5,3,1330,3,4,0,4,DD,pi,4,58
2024,5,3,1340,3,3,0,3,DD,pi,4,58
2024,5,3,1355,4,14,0,14,DD,pi,4,58
2024,5,3,1505,4,12,0,12,DD,pi,4,58
2024,5,3,1530,4,17,0,17,DD,pi,4,58
2024,5,3,1545,4,5,0,5,DD,pi,4,58
2024,5,3,1715,5,16,0,16,DD,pi,4,58
2024,5,3,1900,5,9,0,9,DD,pi,4,58
2024,5,3,2005,5,70,0,70,DD,pi,4,58
2024,5,3,2025,5,75,0,75,DD,pi,4,58
2024,5,3,2105,6,18,1,17,DD,pi,4,58
2024,5,3,2125,6,12,5,7,DD,pi,4,58
2024,5,3,2210,6,4,1,3,DD,pi,4,58
2024,5,3,2240,6,5,0,5,DD,pi,4,58
2024,5,4,150,1,1,0,1,DD,pi,4,58
2024,5,4,200,1,0,3,-3,DD,pi,4,58
2024,5,4,320,1,1,0,1,DD,pi,4,58
2024,5,4,445,1,4,0,4,DD,pi,4,58
2024,5,4,500,2,2,0,2,DD,pi,4,58
2024,5,4,515,2,1,0,1,DD,pi,4,58
2024,5,4,555,2,1,0,1,DD,pi,4,58
2024,5,4,620,2,3,0,3,DD,pi,4,58
2024,5,4,1100,3,44,0,44,DD,pi,4,58
2024,5,4,1145,3,44,0,44,DD,pi,4,58
2024,5,4,1205,3,44,0,44,DD,pi,4,58
2024,5,4,1220,3,54,0,54,DD,pi,4,58
2024,5,4,1355,4,56,0,56,DD,PI,4,58
2024,5,4,1555,4,25,0,25,DD,pi,4,58
2024,5,4,1615,4,25,0,25,DD,pi,4,58
2024,5,4,1620,4,13,0,13,DD,pi,4,58
2024,5,4,1705,5,14,0,14,DD,pi,4,58
2024,5,4,1740,5,13,0,13,DD,pi,4,58
2024,5,4,1935,5,16,0,16,DD,pi,4,58
2024,5,4,2035,5,61,0,61,DD,pi,4,58
2024,5,4,2105,6,15,0,15,DD,pi,4,58
2024,5,4,2225,6,5,0,5,DD,pi,4,58
2024,5,4,2250,6,5,0,5,DD,pi,4,58
2024,5,4,2320,6,0,0,0,DD,pi,4,58
2024,5,5,40,1,1,0,1,DD,pi,4,58
2024,5,5,120,1,2,0,2,DD,pi,4,58
2024,5,5,135,1,0,0,0,DD,pi,4,58
2024,5,5,300,1,0,0,0,DD,pi,4,58
2024,5,5,510,2,0,0,0,DD,pi,4,58
2024,5,5,850,2,2,0,2,DD,pi,4,58
2024,5,5,900,2,2,0,2,DD,pi,4,58
2024,5,5,1040,2,0,0,0,DD,pi,4,58
2024,5,5,1050,3,0,0,0,DD,pi,4,58
2024,5,5,1215,3,5,0,5,DD,pi,4,58
2024,5,5,1310,3,5,0,5,DD,pi,4,58
2024,5,5,1330,3,5,0,5,DD,pi,4,58
2024,5,5,1430,4,10,0,10,DD,pi,4,58
2024,5,5,1440,4,20,0,20,DD,pi,4,58
2024,5,5,1545,4,12,0,12,DD,pi,4,58
2024,5,5,1605,4,19,0,19,DD,pi,4,58
2024,5,5,1710,5,28,0,28,DD,pi,4,58
2024,5,5,1810,5,21,0,21,DD,pi,4,58
2024,5,5,1850,5,8,0,8,DD,pi,4,58
2024,5,5,1955,5,0,0,0,DD,pi,4,58
2024,5,5,2105,6,5,0,5,DD,pi,4,58
2024,5,5,2140,6,5,0,5,DD,pi,4,58
2024,5,5,2235,6,2,0,2,DD,pi,4,58
2024,5,5,2325,6,2,0,2,DD,pi,4,58
2024,5,6,40,1,0,0,0,DD,pi,4,58
2024,5,6,150,1,1,0,1,DD,pi,4,58
2024,5,6,440,1,0,0,0,DD,pi,4,58
2024,5,6,450,1,0,0,0,DD,pi,4,58
2024,5,6,630,2,0,0,0,DD,pi,4,58
2024,5,6,910,2,2,0,2,DD,pi,4,58
2024,5,6,920,2,1,0,1,DD,pi,4,58
2024,5,6,940,2,1,0,1,DD,pi,4,58
2024,5,6,1100,3,1,0,1,DD,pi,4,58
2024,5,6,1230,3,6,0,6,DD,pi,4,58
2024,5,6,1305,3,7,0,7,LG,pi,4,58
2024,5,6,1315,3,12,0,12,LG,pi,4,58
2024,5,6,1455,4,32,0,32,LG,pi,4,58
2024,5,6,1530,4,16,0,16,LG,pi,4,58
2024,5,6,1605,4,23,0,23,LG,pi,4,58
2024,5,6,1620,4,36,0,36,LG,pi,4,58
2024,5,6,1820,5,22,0,22,LG,pi,4,58
2024,5,6,1940,5,7,0,7,LG,pi,4,58
2024,5,6,2030,5,6,0,6,LG,pi,4,58
2024,5,6,2040,5,12,0,12,LG,pi,4,58
2024,5,6,2110,6,5,0,5,LG,pi,4,58
2024,5,6,2120,6,2,0,2,LG,pi,4,58
2024,5,6,2235,6,1,0,1,LG,pi,4,58
2024,5,6,2315,6,1,0,1,LG,pi,4,58
2024,5,7,30,1,0,0,0,LG,pi,4,58
2024,5,7,200,1,0,0,0,LG,pi,4,58
2024,5,7,315,1,0,0,0,LG,pi,4,58
2024,5,7,435,1,0,0,0,LG,pi,4,58
2024,5,7,545,2,0,0,0,LG,pi,4,58
2024,5,7,1005,2,0,0,0,LG,pi,4,58
2024,5,7,1015,2,1,0,1,LG,pi,4,58
2024,5,7,1020,2,0,0,0,LG,pi,4,58
2024,5,7,1050,3,0,0,0,LG,pi,4,58
2024,5,7,1210,3,0,0,0,DD,pi,4,58
2024,5,7,1250,3,0,0,0,DD,pi,4,58
2024,5,7,1340,3,0,0,0,DD,pi,4,58
2024,5,7,1435,4,2,0,2,DD,pi,4,58
2024,5,7,1440,4,7,0,7,DD,pi,4,58
2024,5,7,1555,4,10,0,10,DD,pi,4,58
2024,5,7,1620,4,18,0,18,DD,pi,4,58
2024,5,7,1650,5,13,0,13,DD,pi,4,58
2024,5,7,1710,5,17,0,17,DD,pi,4,58
2024,5,7,1735,5,6,0,6,DD,pi,4,58
2024,5,7,2040,5,7,0,7,DD,pi,4,58
2024,5,7,2115,6,3,0,3,DD,pi,4,58
2024,5,7,2205,6,2,0,2,DD,pi,4,58
2024,5,7,2215,6,0,0,0,DD,pi,4,58
2024,5,7,2220,6,2,0,2,DD,pi,4,58
2024,5,8,105,1,0,0,0,DD,pi,4,58
2024,5,8,140,1,0,0,0,DD,pi,4,58
2024,5,8,150,1,0,0,0,DD,pi,4,58
2024,5,8,245,1,0,0,0,DD,pi,4,58
2024,5,8,610,2,0,0,0,DD,pi,4,58
2024,5,8,700,2,0,0,0,DD,pi,4,58
2024,5,8,725,2,0,0,0,DD,pi,4,58
2024,5,8,730,2,0,0,0,DD,pi,4,58
2024,5,8,1220,3,1,0,1,DD,pi,4,58
2024,5,8,1225,3,1,0,1,DD,pi,4,58
2024,5,8,1235,3,2,0,2,DD,pi,4,58
2024,5,8,1245,3,1,0,1,DD,pi,4,58
2024,5,8,1400,4,7,0,7,DD,pi,4,58
2024,5,8,1430,4,5,0,5,DD,pi,4,58
2024,5,8,1440,4,2,0,2,DD,pi,4,58
2024,5,8,1620,4,15,0,15,DD,pi,4,58
2024,5,8,1645,5,22,0,22,DD,pi,4,58
2024,5,8,1745,5,19,0,19,DD,pi,4,58
2024,5,8,1815,5,15,0,15,DD,pi,4,58
2024,5,8,1845,5,15,0,15,DD,pi,4,58
2024,5,8,2130,6,0,0,0,DD,pi,4,58
2024,5,8,2135,6,0,0,0,DD,pi,4,58
2024,5,8,2250,6,3,0,3,DD,pi,4,58
2024,5,8,2335,6,0,0,0,DD,pi,4,58
2024,5,9,50,1,0,0,0,DD,pi,4,58
2024,5,9,100,1,0,0,0,DD,pi,4,58
2024,5,9,110,1,1,0,1,DD,pi,4,58
2024,5,9,350,1,1,0,1,DD,pi,4,58
2024,5,9,605,2,0,0,0,DD,pi,4,58
2024,5,9,730,2,0,0,0,DD,pi,4,58
2024,5,9,805,2,0,0,0,DD,pi,4,58
2024,5,9,900,2,0,0,0,DD,pi,4,58
2024,5,9,1100,3,0,0,0,DD,pi,4,58
2024,5,9,1200,3,0,0,0,LG,pi,4,58
2024,5,9,1205,3,3,0,3,LG,pi,4,58
2024,5,9,1310,3,12,0,12,LG,pi,4,58
2024,5,9,1350,4,102,0,102,LG,pi,4,58
2024,5,9,1520,4,133,0,133,LG,pi,4,58
2024,5,9,1620,4,165,0,165,LG,pi,4,58
2024,5,9,1640,4,145,0,145,LG,pi,4,58
2024,5,9,1745,5,104,0,104,LG,pi,4,58
2024,5,9,1815,5,117,0,117,LG,pi,4,58
2024,5,9,1825,5,108,0,108,LG,pi,4,58
2024,5,9,2000,5,32,0,32,LG,pi,4,58
2024,5,9,2210,6,2,0,2,LG,pi,4,58
2024,5,9,2325,6,3,0,3,LG,pi,4,58
2024,5,9,2335,6,1,0,1,LG; fish attracted to light?,pi,4,58
2024,5,9,2355,6,1,0,1,LG; fish attracted to light?,pi,4,58
2024,5,10,40,1,0,0,0,LG; fish attracted to light?,pi,4,58
2024,5,10,150,1,3,0,3,LG; fish attracted to light?,pi,4,58
2024,5,10,415,1,1,1,0,LG; fish attracted to light?,pi,4,58
2024,5,10,450,1,2,0,2,LG; fish attracted to light?,pi,4,58
2024,5,10,710,2,0,0,0,LG,pi,4,58
2024,5,10,725,2,0,0,0,LG,pi,4,58
2024,5,10,825,2,0,0,0,LG,pi,4,58
2024,5,10,840,2,0,0,0,LG,pi,4,58
2024,5,10,1050,3,0,0,0,LG,pi,4,58
2024,5,10,1300,3,1,0,1,DD,pi,4,58
2024,5,10,1330,3,8,0,8,DD,pi,4,58
2024,5,10,1340,3,7,0,7,DD,pi,4,58
2024,5,10,1345,4,9,0,9,DD,pi,4,58
2024,5,10,1505,4,6,0,6,DD,pi,4,58
2024,5,10,1610,4,23,0,23,DD,pi,4,58
2024,5,10,1625,4,7,0,7,DD,pi,4,58
2024,5,10,1705,5,10,0,10,DD,pi,4,58
2024,5,10,1805,5,11,0,11,DD,pi,4,58
2024,5,10,1815,5,31,0,31,DD,pi,4,58
2024,5,10,2040,5,19,0,19,DD,pi,4,58
2024,5,10,2100,6,13,0,13,DD,pi,4,58
2024,5,10,2155,6,0,0,0,DD,pi,4,58
2024,5,10,2220,6,3,0,3,DD,pi,4,58
2024,5,10,2240,6,3,0,3,DD,pi,4,58
2024,5,11,110,1,0,2,-2,DD,pi,4,58
2024,5,11,245,1,0,0,0,DD,pi,4,58
2024,5,11,410,1,0,0,0,DD,pi,4,58
2024,5,11,415,1,1,0,1,DD,pi,4,58
2024,5,11,625,2,0,0,0,DD,pi,4,58
2024,5,11,715,2,1,0,1,DD,pi,4,58
2024,5,11,720,2,0,0,0,DD,pi,4,58
2024,5,11,920,2,0,0,0,DD,pi,4,58
2024,5,11,1045,3,1,0,1,DD,pi,4,58
2024,5,11,1100,3,3,0,3,DD,pi,4,58
2024,5,11,1150,3,7,0,7,DD,pi,4,58
2024,5,11,1245,3,2,0,2,DD,pi,4,58
2024,5,11,1355,4,13,0,13,DD,pi,4,58
2024,5,11,1410,4,10,0,10,DD,pi,4,58
2024,5,11,1455,4,25,0,25,DD,pi,4,58
2024,5,11,1535,4,60,0,60,DD,pi,4,58
2024,5,11,1825,5,73,0,73,DD,pi,4,58
2024,5,11,1840,5,110,0,110,DD,pi,4,58
2024,5,11,1930,5,38,0,38,DD,pi,4,58
2024,5,11,2015,5,15,0,15,DD,pi,4,58
2024,5,11,2210,6,2,0,2,DD,pi,4,58
2024,5,11,2225,6,3,0,3,DD,pi,4,58
2024,5,11,2235,6,1,0,1,DD,pi,4,58
2024,5,11,2300,6,2,0,2,DD,pi,4,58
2024,5,12,40,1,1,0,1,DD,pi,4,58
2024,5,12,210,1,3,2,1,DD,pi,4,58
2024,5,12,335,1,0,0,0,DD,pi,4,58
2024,5,12,345,1,1,0,1,DD,pi,4,58
2024,5,12,730,2,0,0,0,DD,pi,4,58
2024,5,12,830,2,1,0,1,DD,pi,4,58
2024,5,12,905,2,0,0,0,DD,pi,4,58
2024,5,12,935,2,0,0,0,DD,pi,4,58
2024,5,12,1120,3,0,0,0,DD,pi,4,58
2024,5,12,1140,3,2,0,2,DD,pi,4,58
2024,5,12,1200,3,0,0,0,DD,pi,4,58
2024,5,12,1205,3,5,0,5,DD,pi,4,58
2024,5,12,1425,4,6,0,6,DD,pi,4,58
2024,5,12,1505,4,3,0,3,DD,pi,4,58
2024,5,12,1510,4,10,0,10,DD,pi,4,58
2024,5,12,1610,4,177,0,177,DD,pi,4,58
2024,5,12,1645,5,255,1,254,DD,pi,4,58
2024,5,12,1810,5,146,0,146,DD,pi,4,58
2024,5,12,1850,5,126,0,126,DD,pi,4,58
2024,5,12,2000,5,86,0,86,DD,pi,4,58
2024,5,12,2220,6,4,0,4,DD,pi,4,58
2024,5,12,2230,6,4,1,3,DD,pi,4,58
2024,5,12,2305,6,1,1,0,DD,pi,4,58
2024,5,12,2310,6,4,1,3,DD,pi,4,58
2024,5,13,55,1,1,0,1,DD,pi,4,58
2024,5,13,410,1,1,0,1,DD,pi,4,58
2024,5,13,445,1,0,0,0,DD,pi,4,58
2024,5,13,455,1,0,0,0,DD,pi,4,58
2024,5,13,640,2,0,0,0,DD,pi,4,58
2024,5,13,830,2,0,0,0,DD,pi,4,58
2024,5,13,955,2,7,0,7,DD,pi,4,58
2024,5,13,1040,2,5,0,5,DD,pi,4,58
2024,5,13,1045,3,5,0,5,DD,pi,4,58
2024,5,13,1145,3,11,0,11,DD,pi,4,58
2024,5,13,1205,3,6,0,6,DD,pi,4,58
2024,5,13,1255,3,2,0,2,DD,pi,4,58
2024,5,13,1445,4,7,0,7,DD,pi,4,58
2024,5,13,1540,4,33,0,33,DD,pi,4,58
2024,5,13,1605,4,19,0,19,DD,pi,4,58
2024,5,13,1630,4,43,0,43,DD,pi,4,58
2024,5,13,1720,5,233,0,233,DD,pi,4,58
2024,5,13,1820,5,223,0,223,DD,pi,4,58
2024,5,13,1910,5,191,0,191,DD,pi,4,58
2024,5,13,1940,5,158,0,158,DD,pi,4,58
2024,5,13,2100,6,26,0,26,DD,pi,4,58
2024,5,13,2150,6,5,0,5,DD,pi,4,58
2024,5,13,2215,6,3,0,3,DD,pi,4,58
2024,5,13,2225,6,3,0,3,DD,pi,4,58
2024,5,14,110,1,1,0,1,DD,pi,4,58
2024,5,14,145,1,0,0,0,DD,pi,4,58
2024,5,14,325,1,1,0,1,DD,pi,4,58
2024,5,14,445,1,2,1,1,DD,pi,4,58
2024,5,14,500,2,1,0,1,DD,pi,4,58
2024,5,14,725,2,1,0,1,DD,pi,4,58
2024,5,14,735,2,0,0,0,DD,pi,4,58
2024,5,14,915,2,5,0,5,DD,pi,4,58
2024,5,14,1115,3,11,0,11,DD,pi,4,58
2024,5,14,1120,3,12,0,12,DD,pi,4,58
2024,5,14,1150,3,7,0,7,DD,pi,4,58
2024,5,14,1325,3,3,0,3,DD,pi,4,58
2024,5,14,1430,4,21,0,21,DD,pi,4,58
2024,5,14,1445,4,19,0,19,DD,pi,4,58
2024,5,14,1530,4,13,0,13,DD,pi,4,58
2024,5,14,1610,4,51,0,51,DD,pi,4,58
2024,5,14,1645,5,165,0,165,DD,pi,4,58
2024,5,14,1720,5,198,0,198,DD,pi,4,58
2024,5,14,1745,5,198,0,198,DD,pi,4,58
2024,5,14,1755,5,140,0,140,DD,pi,4,58
2024,5,14,2205,6,2,0,2,DD,pi,4,58
2024,5,14,2215,6,2,0,2,DD,pi,4,58
2024,5,14,2305,6,3,0,3,DD,pi,4,58
2024,5,14,2355,6,2,0,2,DD,pi,4,58
2024,5,15,45,1,3,0,3,DD,pi,4,58
2024,5,15,200,1,2,0,2,DD,pi,4,58
2024,5,15,205,1,1,0,1,DD,pi,4,58
2024,5,15,425,1,1,0,1,DD,pi,4,58
2024,5,15,630,2,0,0,0,DD,pi,4,58
2024,5,15,650,2,0,0,0,DD,pi,4,58
2024,5,15,735,2,0,0,0,DD,pi,4,58
2024,5,15,740,2,0,0,0,DD,pi,4,58
2024,5,15,1050,3,30,0,30,DD,pi,4,58
2024,5,15,1210,3,11,0,11,DD,pi,4,58
2024,5,15,1310,3,8,0,8,DD,pi,4,58
2024,5,15,1340,3,2,0,2,DD,pi,4,58
2024,5,15,1405,4,2,0,2,DD,pi,4,58
2024,5,15,1505,4,13,0,13,DD,pi,4,58
2024,5,15,1555,4,31,0,31,DD,pi,4,58
2024,5,15,1630,4,36,0,36,DD,pi,4,58
2024,5,15,1805,5,169,0,169,DD,pi,4,58
2024,5,15,1935,5,178,0,178,DD,pi,4,58
2024,5,15,2005,5,197,1,196,DD,pi,4,58
2024,5,15,2045,5,85,0,85,DD,pi,4,58
2024,5,15,2125,6,15,1,14,DD,pi,4,58
2024,5,15,2215,6,4,0,4,DD,pi,4,58
2024,5,15,2330,6,6,0,6,DD,pi,4,58
2024,5,15,2345,6,2,0,2,DD,pi,4,58
2024,5,16,215,1,1,0,1,DD,pi,4,58
2024,5,16,305,1,3,0,3,DD,pi,4,58
2024,5,16,335,1,1,0,1,DD,pi,4,58
2024,5,16,405,1,2,1,1,DD,pi,4,58
2024,5,16,600,2,1,0,1,DD,pi,4,58
2024,5,16,820,2,6,0,6,DD,pi,4,58
2024,5,16,835,2,6,0,6,DD,pi,4,58
2024,5,16,1020,2,14,0,14,DD,pi,4,58
2024,5,16,1045,3,9,0,9,DD,pi,4,58
2024,5,16,1105,3,5,0,5,DD,pi,4,58
2024,5,16,1205,3,3,0,3,DD,pi,4,58
2024,5,16,1240,3,14,0,14,DD,pi,4,58
2024,5,16,1405,4,2,0,2,DD,pi,4,58
2024,5,16,1445,4,3,0,3,DD,pi,4,58
2024,5,16,1450,4,3,0,3,DD,pi,4,58
2024,5,16,1605,4,21,0,21,DD,pi,4,58
2024,5,16,1735,5,26,0,26,DD,pi,4,58
2024,5,16,1825,5,94,1,93,DD,pi,4,58
2024,5,16,2005,5,173,2,171,DD,pi,4,58
2024,5,16,2040,5,85,1,84,DD,pi,4,58
2024,5,16,2230,6,10,0,10,DD,pi,4,58
2024,5,16,2240,6,5,0,5,DD,pi,4,58
2024,5,16,2345,6,4,0,4,DD,pi,4,58
2024,5,16,2350,6,4,0,4,DD,pi,4,58
2024,5,17,15,1,4,0,4,DD,pi,4,58
2024,5,17,100,1,2,0,2,DD,pi,4,58
2024,5,17,110,1,4,1,3,DD,pi,4,58
2024,5,17,135,1,4,0,4,DD,pi,4,58
2024,5,17,615,2,2,0,2,DD,pi,4,58
2024,5,17,830,2,11,0,11,DD,pi,4,58
2024,5,17,855,2,19,0,19,DD,pi,4,58
2024,5,17,955,2,19,0,19,DD,pi,4,58
2024,5,17,1120,3,32,0,32,DD,pi,4,58
2024,5,17,1135,3,11,0,11,DD,pi,4,58
2024,5,17,1140,3,11,0,11,DD,pi,4,58
2024,5,17,1235,3,3,0,3,DD,pi,4,58
2024,5,17,1455,4,19,0,19,DD,pi,4,58
2024,5,17,1520,4,14,0,14,DD,pi,4,58
2024,5,17,1600,4,32,0,32,DD,pi,4,58
2024,5,17,1610,4,28,0,28,DD,pi,4,58
2024,5,17,1645,5,28,0,28,DD,pi,4,58
2024,5,17,1700,5,34,0,34,DD,pi,4,58
2024,5,17,1705,5,32,0,32,DD,pi,4,58
2024,5,17,1950,5,146,0,146,DD,pi,4,58
2024,5,17,2125,6,12,0,12,DD,pi,4,58
2024,5,17,2140,6,8,2,6,DD,pi,4,58
2024,5,17,2240,6,13,1,12,DD,pi,4,58
2024,5,17,2330,6,2,1,1,DD,pi,4,58
2024,5,18,0,1,4,0,4,DD,pi,4,58
2024,5,18,5,1,2,0,2,DD,pi,4,58
2024,5,18,135,1,2,1,1,DD,pi,4,58
2024,5,18,325,1,0,0,0,DD,pi,4,58
2024,5,18,550,2,2,0,2,DD,pi,4,58
2024,5,18,755,2,11,0,11,DD,pi,4,58
2024,5,18,940,2,12,0,12,DD,pi,4,58
2024,5,18,1035,2,11,0,11,DD,pi,4,58
2024,5,18,1200,3,16,0,16,DD,pi,4,58
2024,5,18,1215,3,17,0,17,DD,pi,4,58
2024,5,18,1230,3,9,0,9,DD,pi,4,58
2024,5,18,1335,3,8,0,8,DD,PI,4,58
2024,5,18,1440,4,30,0,30,DD,pi,4,58
2024,5,18,1515,4,23,0,23,DD,pi,4,58
2024,5,18,1550,4,24,0,24,DD,pi,4,58
2024,5,18,1640,4,10,0,10,DD,pi,4,58
2024,5,18,1805,5,20,0,20,DD,pi,4,58
2024,5,18,1815,5,10,0,10,DD,pi,4,58
2024,5,18,1825,5,16,0,16,DD,pi,4,58
2024,5,18,2055,5,22,1,21,DD,pi,4,58
2024,5,18,2130,6,12,0,12,DD,pi,4,58
2024,5,18,2135,6,12,0,12,DD,pi,4,58
2024,5,18,2200,6,7,1,6,DD,pi,4,58
2024,5,18,2325,6,2,0,2,DD,pi,4,58
2024,5,19,5,1,1,0,1,DD,pi,4,58
2024,5,19,45,1,1,1,0,DD,pi,4,58
2024,5,19,50,1,1,0,1,DD,pi,4,58
2024,5,19,200,1,2,0,2,DD,pi,4,58
2024,5,19,615,2,1,0,1,DD,pi,4,58
2024,5,19,635,2,1,0,1,DD,pi,4,58
2024,5,19,850,2,6,0,6,DD,pi,4,58
2024,5,19,930,2,12,0,12,DD,pi,4,58
2024,5,19,1105,3,4,0,4,DD,pi,4,58
2024,5,19,1125,3,19,0,19,DD,pi,4,58
2024,5,19,1205,3,14,0,14,DD,pi,4,58
2024,5,19,1230,3,14,0,14,DD,pi,4,58
2024,5,19,1525,4,11,0,11,DD,pi,4,58
2024,5,19,1615,4,22,0,22,DD,pi,4,58
2024,5,19,1635,4,10,0,10,DD,pi,4,58
2024,5,19,1640,4,15,0,15,DD,pi,4,58
2024,5,19,1705,5,26,0,26,DD,pi,4,58
2024,5,19,1905,5,4,0,4,DD,pi,4,58
2024,5,19,1935,5,9,0,9,DD,pi,4,58
2024,5,19,2050,5,1,0,1,DD,pi,4,58
2024,5,19,2140,6,1,0,1,DD,pi,4,58
2024,5,19,2205,6,0,0,0,DD,pi,4,58
2024,5,19,2230,6,1,0,1,DD,pi,4,58
2024,5,19,2300,6,1,0,1,DD,pi,4,58
2024,5,20,110,1,0,0,0,DD,pi,4,58
2024,5,20,150,1,0,0,0,DD,pi,4,58
2024,5,20,155,1,1,1,0,DD,pi,4,58
2024,5,20,230,1,0,0,0,DD,pi,4,58
2024,5,20,655,2,0,0,0,DD,pi,4,58
2024,5,20,750,2,5,0,5,DD,pi,4,58
2024,5,20,1020,2,0,0,0,DD,pi,4,58
2024,5,20,1040,2,3,0,3,DD,pi,4,58
2024,5,20,1055,3,4,0,4,DD,pi,4,58
2024,5,20,1120,3,5,1,4,DD,pi,4,58
2024,5,20,1215,3,5,0,5,DD,pi,4,58
2024,5,20,1305,3,4,0,4,DD,pi,4,58
2024,5,20,1410,4,11,0,11,DD,pi,4,58
2024,5,20,1420,4,5,0,5,DD,pi,4,58
2024,5,20,1535,4,15,0,15,DD,pi,4,58
2024,5,20,1540,4,25,0,25,DD,pi,4,58
2024,5,20,1840,5,17,0,17,DD,pi,4,58
2024,5,20,1900,5,19,0,19,DD,pi,4,58
2024,5,20,2030,5,10,0,10,DD,pi,4,58
2024,5,20,2050,5,4,0,4,DD,pi,4,58
2024,5,20,2110,6,1,1,0,DD,pi,4,58
2024,5,20,2200,6,0,0,0,DD,pi,4,58
2024,5,20,2305,6,2,0,2,DD,pi,4,58
2024,5,20,2335,6,0,0,0,DD,pi,4,58
2024,5,21,5,1,0,0,0,DD,pi,4,58
2024,5,21,115,1,0,0,0,DD,pi,4,58
2024,5,21,305,1,1,0,1,DD,pi,4,58
2024,5,21,330,1,1,0,1,DD,pi,4,58
2024,5,21,800,2,0,0,0,DD,pi,4,58
2024,5,21,935,2,0,0,0,DD,pi,4,58
2024,5,21,950,2,0,0,0,DD,pi,4,58
2024,5,21,1035,2,1,0,1,DD,pi,4,58
2024,5,21,1115,3,0,0,0,DD,pi,4,58
2024,5,21,1200,3,4,0,4,DD,pi,4,58
2024,5,21,1235,3,1,0,1,DD,pi,4,58
2024,5,21,1250,3,0,0,0,DD,pi,4,58
2024,5,21,1425,4,0,0,0,DD,pi,4,58
2024,5,21,1455,4,0,0,0,DD,pi,4,58
2024,5,21,1530,4,1,0,1,DD,pi,4,58
2024,5,21,1610,4,7,0,7,DD,pi,4,58
2024,5,21,1850,5,8,0,8,DD,pi,4,58
2024,5,21,1900,5,7,0,7,DD,pi,4,58
2024,5,21,2005,5,4,0,4,DD,pi,4,58
2024,5,21,2015,5,1,0,1,DD,pi,4,58
2024,5,21,2235,6,0,0,0,DD,pi,4,58
2024,5,21,2240,6,0,0,0,DD,pi,4,58
2024,5,21,2335,6,1,0,1,DD,pi,4,58
2024,5,21,2350,6,0,0,0,DD,pi,4,58
2024,5,22,0,1,0,0,0,DD,pi,4,58
2024,5,22,200,1,0,0,0,DD,pi,4,58
2024,5,22,305,1,0,0,0,DD,pi,4,58
2024,5,22,455,1,0,0,0,DD,pi,4,58
2024,5,22,625,2,1,0,1,DD,pi,4,58
2024,5,22,830,2,0,0,0,DD,pi,4,58
2024,5,22,835,2,0,0,0,DD,pi,4,58
2024,5,22,1015,2,2,0,2,DD,pi,4,58
2024,5,22,1145,3,1,0,1,DD,pi,4,58
2024,5,22,1205,3,1,0,1,DD,pi,4,58
2024,5,22,1215,3,2,0,2,DD,pi,4,58
2024,5,22,1245,3,6,0,6,DD,pi,4,58
2024,5,22,1540,4,6,0,6,DD,pi,4,58
2024,5,22,1555,4,4,0,4,DD,pi,4,58
2024,5,22,1605,4,3,0,3,DD,pi,4,58
2024,5,22,1635,4,6,0,6,DD,pi,4,58
2024,5,22,1700,5,5,0,5,DD,pi,4,58
2024,5,22,1730,5,7,0,7,DD,pi,4,58
2024,5,22,1740,5,6,0,6,DD,pi,4,58
2024,5,22,2045,5,1,0,1,DD,pi,4,58
2024,5,22,2120,6,1,0,1,DD,pi,4,58
2024,5,22,2145,6,1,0,1,DD,pi,4,58
2024,5,22,2330,6,0,0,0,DD,pi,4,58
2024,5,22,2350,6,0,0,0,DD,pi,4,58
2024,5,23,5,1,0,0,0,DD,pi,4,58
2024,5,23,10,1,0,0,0,DD,pi,4,58
2024,5,23,40,1,0,0,0,DD,pi,4,58
2024,5,23,435,1,0,0,0,DD,pi,4,58
2024,5,23,535,2,2,0,2,DD,pi,4,58
2024,5,23,835,2,0,0,0,DD,pi,4,58
2024,5,23,1010,2,0,0,0,DD,pi,4,58
2024,5,23,1020,2,1,0,1,DD,PI,4,58
2024,5,23,1100,3,1,0,1,DD,pi,4,58
2024,5,23,1230,3,1,0,1,DD,pi,4,58
2024,5,23,1325,3,0,0,0,DD,pi,4,58
2024,5,23,1330,3,0,0,0,DD,pi,4,58
2024,5,23,1415,4,9,0,9,DD,pi,4,58
2024,5,23,1505,4,1,0,1,DD,pi,4,58
2024,5,23,1530,4,5,0,5,DD,pi,4,58
2024,5,23,1540,4,24,0,24,DD,pi,4,58
2024,5,23,1750,5,4,0,4,DD,pi,4,58
2024,5,23,1850,5,6,0,6,DD,pi,4,58
2024,5,23,1855,5,6,0,6,DD,pi,4,58
2024,5,23,2010,5,3,0,3,DD,pi,4,58
2024,5,23,2105,6,0,0,0,DD,pi,4,58
2024,5,23,2220,6,0,0,0,DD,pi,4,58
2024,5,23,2310,6,1,0,1,DD,pi,4,58
2024,5,23,2350,6,1,1,0,DD,pi,4,58
2024,5,24,0,1,1,0,1,DD,pi,4,58
2024,5,24,255,1,0,0,0,DD,pi,4,58
2024,5,24,315,1,0,0,0,DD,pi,4,58
2024,5,24,435,1,1,0,1,DD,pi,4,58
2024,5,24,550,2,0,0,0,DD,pi,4,58
2024,5,24,645,2,0,0,0,DD,pi,4,58
2024,5,24,650,2,0,0,0,DD,pi,4,58
2024,5,24,900,2,0,0,0,DD,pi,4,58
2024,5,24,1125,3,0,0,0,DD,pi,4,58
2024,5,24,1155,3,2,0,2,DD,pi,4,58
2024,5,24,1245,3,0,0,0,DD,pi,4,58
2024,5,24,1325,3,0,0,0,DD,pi,4,58
2024,5,24,1535,4,3,0,3,DD,pi,4,58
2024,5,24,1555,4,5,0,5,DD,pi,4,58
2024,5,24,1605,4,2,0,2,DD,pi,4,58
2024,5,24,1630,4,10,0,10,DD,pi,4,58
2024,5,24,1825,5,0,1,-1,DD,pi,4,58
2024,5,24,1910,5,8,0,8,DD,pi,4,58
2024,5,24,1915,5,6,0,6,DD,pi,4,58
2024,5,24,1950,5,2,0,2,DD,pi,4,58
2024,5,24,2105,6,0,0,0,DD,pi,4,58
2024,5,24,2155,6,0,0,0,DD,pi,4,58
2024,5,24,2220,6,0,0,0,DD,pi,4,58
2024,5,24,2250,6,0,0,0,DD,pi,4,58
2024,5,25,130,1,0,0,0,DD,pi,4,58
2024,5,25,230,1,0,0,0,DD,pi,4,58
2024,5,25,310,1,0,0,0,DD,pi,4,58
2024,5,25,420,1,0,0,0,"DD, Lens covered by Bird ?!",pi,4,58
2024,5,25,515,2,0,0,0,"DD, Lens covered by Bird ?!",pi,4,58
2024,5,25,555,2,0,0,0,"DD, Lens covered by Bird ?!",pi,4,58
2024,5,25,700,2,0,0,0,DD,pi,4,58
2024,5,25,725,2,0,0,0,DD,pi,4,58
2024,5,25,1045,3,0,0,0,DD,pi,4,58
2024,5,25,1105,3,0,0,0,DD,pi,4,58
2024,5,25,1120,3,1,0,1,DD,pi,4,58
2024,5,25,1210,3,0,0,0,DD,pi,4,58
2024,5,25,1355,4,0,0,0,DD,pi,4,58
2024,5,25,1420,4,0,0,0,DD,pi,4,58
2024,5,25,1505,4,2,0,2,DD,pi,4,58
2024,5,25,1640,4,6,0,6,DD,pi,4,58
2024,5,25,1745,5,13,0,13,DD,pi,4,58
2024,5,25,1815,5,5,0,5,DD,pi,4,58
2024,5,25,2020,5,0,0,0,DD,pi,4,58
2024,5,25,2050,5,4,0,4,DD,pi,4,58
2024,5,25,2200,6,0,0,0,DD,pi,4,58
2024,5,25,2300,6,0,0,0,DD,pi,4,58
2024,5,25,2310,6,0,0,0,DD,pi,4,58
2024,5,25,2355,6,0,0,0,DD,pi,4,58
2024,5,26,40,1,0,0,0,DD,pi,4,58
2024,5,26,45,1,0,0,0,DD,pi,4,58
2024,5,26,250,1,0,0,0,DD,pi,4,58
2024,5,26,335,1,2,0,2,DD,pi,4,58
2024,5,26,515,2,0,0,0,DD,pi,4,58
2024,5,26,545,2,0,0,0,DD,pi,4,58
2024,5,26,755,2,0,0,0,DD,pi,4,58
2024,5,26,940,2,0,0,0,DD,pi,4,58
2024,5,26,1045,3,0,0,0,DD,pi,4,58
2024,5,26,1215,3,0,0,0,DD,pi,4,58
2024,5,26,1240,3,0,0,0,DD,pi,4,58
2024,5,26,1325,3,0,0,0,DD,pi,4,58
2024,5,26,1345,4,0,0,0,DD,pi,4,58
2024,5,26,1445,4,1,0,1,DD,pi,4,58
2024,5,26,1530,4,0,0,0,DD,pi,4,58
2024,5,26,1600,4,0,0,0,DD,pi,4,58
2024,5,26,1830,5,1,0,1,DD,pi,4,58
2024,5,26,1855,5,3,0,3,DD,pi,4,58
2024,5,26,1950,5,2,0,2,DD,pi,4,58
2024,5,26,2005,5,3,0,3,DD,pi,4,58
2024,5,26,2130,6,0,0,0,DD,pi,4,58
2024,5,26,2140,6,0,0,0,DD,pi,4,58
2024,5,26,2300,6,0,0,0,DD,pi,4,58
2024,5,26,2340,6,0,0,0,DD,pi,4,58
2024,5,27,40,1,0,0,0,DD,pi,4,58
2024,5,27,145,1,0,0,0,DD,pi,4,58
2024,5,27,335,1,0,0,0,DD,pi,4,58
2024,5,27,430,1,0,0,0,DD,pi,4,58
2024,5,27,635,2,0,0,0,DD,pi,4,58
2024,5,27,755,2,0,0,0,DD,pi,4,58
2024,5,27,845,2,0,0,0,DD,pi,4,58
2024,5,27,1005,2,1,0,1,DD,pi,4,58
2024,5,27,1050,3,0,0,0,DD,pi,4,58
2024,5,27,1110,3,0,0,0,DD,pi,4,58
2024,5,27,1140,3,1,0,1,DD,pi,4,58
2024,5,27,1235,3,0,0,0,DD,pi,4,58
2024,5,27,1400,4,0,0,0,DD,pi,4,58
2024,5,27,1430,4,0,0,0,DD,pi,4,58
2024,5,27,1435,4,2,0,2,DD,pi,4,58
2024,5,27,1450,4,2,0,2,DD,pi,4,58
2024,5,27,1650,5,0,0,0,DD,pi,4,58
2024,5,27,1720,5,0,0,0,DD,pi,4,58
2024,5,27,1925,5,0,0,0,DD,pi,4,58
2024,5,27,1950,5,3,0,3,DD,pi,4,58
2024,5,27,2200,6,0,0,0,DD,pi,4,58
2024,5,27,2230,6,1,0,1,DD,pi,4,58
2024,5,27,2255,6,0,0,0,DD,pi,4,58
2024,5,27,2340,6,0,0,0,DD,pi,4,58
2024,5,28,125,1,0,0,0,DD,pi,4,58
2024,5,28,245,1,0,0,0,DD,pi,4,58
2024,5,28,300,1,0,0,0,DD,pi,4,58
2024,5,28,345,1,0,0,0,DD,pi,4,58
2024,5,28,515,2,1,0,1,DD,pi,4,58
2024,5,28,730,2,0,0,0,DD,pi,4,58
2024,5,28,830,2,1,0,1,DD,pi,4,58
2024,5,28,940,2,0,0,0,DD,pi,4,58
2024,5,28,1225,3,2,0,2,DD,pi,4,58
2024,5,28,1250,3,1,0,1,DD,pi,4,58
2024,5,28,1315,3,2,0,2,DD,pi,4,58
2024,5,28,1335,3,3,0,3,DD,pi,4,58
2024,5,28,1415,4,0,0,0,DD,pi,4,58
2024,5,28,1530,4,0,0,0,DD,pi,4,58
2024,5,28,1535,4,1,0,1,DD,pi,4,58
2024,5,28,1540,4,0,0,0,DD,pi,4,58
2024,5,28,1705,5,0,0,0,DD,pi,4,58
2024,5,28,1910,5,0,0,0,DD,pi,4,58
2024,5,28,1930,5,1,0,1,DD,pi,4,58
2024,5,28,2035,5,5,0,5,DD,pi,4,58
2024,5,28,2105,6,2,0,2,DD,pi,4,58
2024,5,28,2115,6,0,0,0,DD,pi,4,58
2024,5,28,2120,6,1,0,1,DD,pi,4,58
2024,5,28,2330,6,0,0,0,DD,pi,4,58
2024,5,29,130,1,0,0,0,LG,pi,4,58
2024,5,29,305,1,0,0,0,LG,pi,4,58
2024,5,29,410,1,0,0,0,LG,pi,4,58
2024,5,29,435,1,0,0,0,LG,pi,4,58
2024,5,29,705,2,0,0,0,LG,pi,4,58
2024,5,29,745,2,0,0,0,LG,pi,4,58
2024,5,29,950,2,0,0,0,LG,pi,4,58
2024,5,29,1030,2,0,0,0,LG,pi,4,58
2024,5,29,1045,3,0,0,0,LG,pi,4,58
2024,5,29,1125,3,0,0,0,LG,pi,4,58
2024,5,29,1145,3,0,0,0,LG,pi,4,58
2024,5,29,1315,3,1,0,1,LG,pi,4,58
2024,5,29,1355,4,0,0,0,LG,pi,4,58
2024,5,29,1420,4,0,0,0,LG,pi,4,58
2024,5,29,1520,4,2,0,2,LG,pi,4,58
2024,5,29,1640,4,9,0,9,LG,pi,4,58
2024,5,29,1705,5,8,0,8,LG,pi,4,58
2024,5,29,1815,5,6,0,6,LG,pi,4,58
2024,5,29,1925,5,6,0,6,LG,pi,4,58
2024,5,29,2055,5,1,0,1,LG,pi,4,58
2024,5,29,2100,6,3,0,3,LG,pi,4,58
2024,5,29,2120,6,2,0,2,LG,pi,4,58
2024,5,29,2240,6,1,0,1,LG,pi,4,58
2024,5,29,2330,6,0,0,0,LG,pi,4,58
2024,5,30,15,1,1,0,1,LG,pi,4,58
2024,5,30,25,1,0,0,0,LG,pi,4,58
2024,5,30,105,1,0,0,0,LG,pi,4,58
2024,5,30,140,1,0,0,0,LG,pi,4,58
2024,5,30,550,2,0,0,0,LG,pi,4,58
2024,5,30,840,2,0,0,0,LG,pi,4,58
2024,5,30,920,2,0,0,0,LG,pi,4,58
2024,5,30,955,2,3,0,3,LG,pi,4,58
2024,5,30,1100,3,0,0,0,LG,pi,4,58
2024,5,30,1135,3,0,0,0,LG,pi,4,58
2024,5,30,1200,3,0,0,0,LG,pi,4,58
2024,5,30,1340,3,0,0,0,LG,pi,4,58
2024,5,30,1505,4,4,0,4,LG,pi,4,58
2024,5,30,1510,4,2,0,2,LG,pi,4,58
2024,5,30,1550,4,0,0,0,LG,pi,4,58
2024,5,30,1630,4,5,0,5,LG,pi,4,58
2024,5,30,1720,5,10,0,10,LG,pi,4,58
2024,5,30,1850,5,39,0,39,LG,pi,4,58
2024,5,30,1905,5,47,0,47,LG,pi,4,58
2024,5,30,2035,5,44,0,44,LG,pi,4,58
2024,5,30,2220,6,2,0,2,LG,pi,4,58
2024,5,30,2225,6,3,0,3,LG,pi,4,58
2024,5,30,2230,6,1,0,1,LG,pi,4,58
2024,5,30,2240,6,1,0,1,LG,pi,4,58
2024,5,31,155,1,3,0,3,LG,pi,4,58
2024,5,31,240,1,0,0,0,LG,pi,4,58
2024,5,31,325,1,1,0,1,LG,pi,4,58
2024,5,31,340,1,0,0,0,LG,pi,4,58
2024,5,31,540,2,5,0,5,LG,pi,4,58
2024,5,31,855,2,4,0,4,LG,pi,4,58
2024,5,31,910,2,2,0,2,LG,pi,4,58
2024,5,31,915,2,0,0,0,LG,pi,4,58
2024,5,31,1045,3,1,0,1,LG,pi,4,58
2024,5,31,1145,3,2,0,2,LG,pi,4,58
2024,5,31,1240,3,5,0,5,LG,pi,4,58
2024,5,31,1325,3,2,0,2,LG,pi,4,58
2024,5,31,1415,4,3,0,3,LG,pi,4,58
2024,5,31,1450,4,9,0,9,LG,pi,4,58
2024,5,31,1505,4,3,0,3,LG,pi,4,58
2024,5,31,1515,4,4,0,4,LG,pi,4,58
2024,5,31,1645,5,3,0,3,LG,pi,4,58
2024,5,31,1700,5,2,0,2,LG,pi,4,58
2024,5,31,1815,5,5,0,5,LG,pi,4,58
2024,5,31,1850,5,12,0,12,LG,pi,4,58
2024,5,31,2125,6,2,0,2,LG,pi,4,58
2024,5,31,2140,6,3,0,3,LG,pi,4,58
2024,5,31,2310,6,0,0,0,LG,pi,4,58
2024,5,31,2325,6,0,0,0,LG,pi,4,58
2024,6,1,110,1,1,0,1,LG,pi,4,58
2024,6,1,305,1,1,0,1,LG,pi,4,58
2024,6,1,435,1,0,0,0,LG,pi,4,58
2024,6,1,455,1,0,0,0,LG,pi,4,58
2024,6,1,515,2,0,0,0,LG,pi,4,58
2024,6,1,520,2,0,0,0,LG,pi,4,58
2024,6,1,605,2,0,0,0,LG,pi,4,58
2024,6,1,715,2,1,0,1,LG,pi,4,58
2024,6,1,1125,3,3,0,3,LG,pi,4,58
2024,6,1,1130,3,3,0,3,LG,pi,4,58
2024,6,1,1140,3,4,0,4,LG,pi,4,58
2024,6,1,1245,3,0,0,0,LG,pi,4,58
2024,6,1,1350,4,1,0,1,LG,pi,4,58
2024,6,1,1425,4,4,0,4,LG,pi,4,58
2024,6,1,1440,4,5,0,5,LG,pi,4,58
2024,6,1,1615,4,6,0,6,LG,pi,4,58
2024,6,1,1725,5,6,0,6,LG,pi,4,58
2024,6,1,1755,5,5,0,5,LG,pi,4,58
2024,6,1,1940,5,4,0,4,LG,pi,4,58
2024,6,1,2045,5,0,0,0,"LG, fish schooling in front of chute",pi,4,58
2024,6,1,2130,6,1,0,1,LG,pi,4,58
2024,6,1,2230,6,1,0,1,LG,pi,4,58
2024,6,1,2310,6,0,0,0,LG,pi,4,58
2024,6,1,2320,6,2,0,2,LG,pi,4,58
2024,6,2,55,1,1,0,1,LG,pi,4,58
2024,6,2,230,1,0,0,0,LG,pi,4,58
2024,6,2,445,1,0,0,0,LG,pi,4,58
2024,6,2,455,1,0,0,0,LG,pi,4,58
2024,6,2,550,2,0,0,0,LG,pi,4,58
2024,6,2,600,2,0,0,0,LG,pi,4,58
2024,6,2,610,2,0,0,0,LG,pi,4,58
2024,6,2,715,2,0,0,0,LG,pi,4,58
2024,6,2,1120,3,0,0,0,LG,pi,4,58
2024,6,2,1230,3,0,0,0,LG,pi,4,58
2024,6,2,1235,3,0,0,0,LG,pi,4,58
2024,6,2,1305,3,0,0,0,LG,pi,4,58
2024,6,2,1410,4,0,0,0,LG,pi,4,58
2024,6,2,1440,4,0,0,0,LG,pi,4,58
2024,6,2,1445,4,0,0,0,LG,pi,4,58
2024,6,2,1635,4,0,0,0,LG,pi,4,58
2024,6,2,1650,5,0,0,0,LG,pi,4,58
2024,6,2,1850,5,4,0,4,LG,pi,4,58
2024,6,2,1910,5,1,0,1,LG,pi,4,58
2024,6,2,2050,5,2,0,2,LG,pi,4,58
2024,6,2,2140,6,0,0,0,LG,pi,4,58
2024,6,2,2150,6,0,0,0,LG,pi,4,58
2024,6,2,2200,6,0,0,0,LG,pi,4,58
2024,6,2,2320,6,0,0,0,LG,pi,4,58
2024,6,3,205,1,0,0,0,LG,pi,4,58
2024,6,3,245,1,0,0,0,LG,pi,4,58
2024,6,3,320,1,0,0,0,LG,pi,4,58
2024,6,3,450,1,0,0,0,LG,pi,4,58
2024,6,3,535,2,0,0,0,LG,pi,4,58
2024,6,3,645,2,0,0,0,LG,pi,4,58
2024,6,3,700,2,0,0,0,LG,pi,4,58
2024,6,3,845,2,0,0,0,LG,pi,4,58
2024,6,3,1110,3,0,0,0,"LG, there is a large fish in front of the chute at 11:13:45 or so",pi,4,58
2024,6,3,1210,3,0,0,0,LG,pi,4,58
2024,6,3,1230,3,0,0,0,LG,pi,4,58
2024,6,3,1335,3,0,0,0,LG,pi,4,58
2024,6,3,1425,4,0,0,0,LG,pi,4,58
2024,6,3,1435,4,0,0,0,LG,pi,4,58
2024,6,3,1440,4,0,0,0,LG,pi,4,58
2024,6,3,1615,4,0,0,0,LG,pi,4,58
2024,6,3,1705,5,0,0,0,LG,pi,4,58
2024,6,3,1905,5,2,0,2,LG,pi,4,58
2024,6,3,2000,5,0,0,0,LG,pi,4,58
2024,6,3,2020,5,0,0,0,LG,pi,4,58
2024,6,3,2140,6,0,0,0,LG,pi,4,58
2024,6,3,2155,6,0,0,0,LG,pi,4,58
2024,6,3,2220,6,0,0,0,LG,pi,4,58
2024,6,3,2320,6,0,0,0,LG,pi,4,58
2024,6,4,150,1,0,0,0,LG,pi,4,58
2024,6,4,300,1,0,0,0,LG,pi,4,58
2024,6,4,310,1,0,0,0,LG,pi,4,58
2024,6,4,415,1,0,0,0,LG,pi,4,58
2024,6,4,540,2,0,0,0,LG,pi,4,58
2024,6,4,545,2,0,0,0,LG,pi,4,58
2024,6,4,855,2,0,0,0,LG,pi,4,58
2024,6,4,1010,2,0,0,0,LG,pi,4,58
2024,6,4,1130,3,0,0,0,LG,pi,4,58
2024,6,4,1150,3,0,0,0,LG,pi,4,58
2024,6,4,1325,3,0,0,0,LG,pi,4,58
2024,6,4,1340,3,0,0,0,LG,pi,4,58
2024,6,4,1345,4,1,0,1,LG,pi,4,58
2024,6,4,1445,4,0,0,0,LG,pi,4,58
2024,6,4,1500,4,0,0,0,LG,pi,4,58
2024,6,4,1600,4,0,0,0,LG,pi,4,58
2024,6,4,1700,5,0,0,0,LG,pi,4,58
2024,6,4,1850,5,1,0,1,LG,pi,4,58
2024,6,4,1935,5,2,0,2,LG,pi,4,58
2024,6,4,2040,5,0,0,0,LG,pi,4,58
2024,6,4,2125,6,1,0,1,LG,pi,4,58
2024,6,4,2140,6,1,0,1,LG,pi,4,58
2024,6,4,2200,6,0,0,0,LG,pi,4,58
2024,6,4,2245,6,0,0,0,LG,pi,4,58
2024,6,5,100,1,0,0,0,LG,pi,4,58
2024,6,5,200,1,0,0,0,LG,pi,4,58
2024,6,5,215,1,0,0,0,LG,pi,4,58
2024,6,5,305,1,1,0,1,LG,pi,4,58
2024,6,5,525,2,1,0,1,LG,pi,4,58
2024,6,5,625,2,0,0,0,LG,pi,4,58
2024,6,5,745,2,5,0,5,LG,pi,4,58
2024,6,5,1030,2,0,0,0,LG,pi,4,58
2024,6,5,1105,3,0,0,0,LG,pi,4,58
2024,6,5,1150,3,0,0,0,LG,pi,4,58
2024,6,5,1210,3,0,0,0,LG,pi,4,58
2024,6,5,1255,3,0,0,0,LG,pi,4,58
2024,6,5,1435,4,0,0,0,LG,pi,4,58
2024,6,5,1525,4,7,0,7,LG,pi,4,58
2024,6,5,1545,4,2,0,2,LG,pi,4,58
2024,6,5,1610,4,2,0,2,LG,pi,4,58
2024,6,5,1950,5,1,0,1,LG,pi,4,58
2024,6,5,2000,5,0,0,0,LG,pi,4,58
2024,6,5,2010,5,2,0,2,LG,pi,4,58
2024,6,5,2045,5,3,0,3,LG,pi,4,58
2024,6,5,2105,6,0,0,0,LG,pi,4,58
2024,6,5,2120,6,2,0,2,LG,pi,4,58
2024,6,5,2340,6,1,0,1,LG,pi,4,58
2024,6,5,2345,6,0,0,0,LG,pi,4,58
2024,6,6,115,1,1,0,1,LG,pi,4,58
2024,6,6,200,1,0,0,0,LG,pi,4,58
2024,6,6,205,1,0,0,0,LG,pi,4,58
2024,6,6,415,1,2,0,2,LG,pi,4,58
2024,6,6,710,2,0,0,0,LG,pi,4,58
2024,6,6,815,2,2,0,2,LG,pi,4,58
2024,6,6,825,2,1,0,1,LG,pi,4,58
2024,6,6,915,2,1,0,1,LG,pi,4,58
2024,6,6,1105,3,8,0,8,LG,pi,4,58
2024,6,6,1240,3,0,0,0,LG,pi,4,58
2024,6,6,1300,3,0,0,0,LG,pi,4,58
2024,6,6,1330,3,1,0,1,LG,pi,4,58
2024,6,6,1415,4,1,0,1,LG,pi,4,58
2024,6,6,1515,4,0,0,0,LG,pi,4,58
2024,6,6,1545,4,1,0,1,LG,pi,4,58
2024,6,6,1630,4,0,0,0,LG,pi,4,58
2024,6,6,1700,5,0,0,0,LG,pi,4,58
2024,6,6,1805,5,7,0,7,LG,pi,4,58
2024,6,6,1855,5,5,0,5,LG,pi,4,58
2024,6,6,2010,5,10,0,10,LG,pi,4,58
2024,6,6,2105,6,5,0,5,LG,pi,4,58
2024,6,6,2135,6,2,0,2,LG,pi,4,58
2024,6,6,2155,6,0,0,0,LG,pi,4,58
2024,6,6,2230,6,0,0,0,LG,pi,4,58
2024,6,7,120,1,0,0,0,LG,pi,4,58
2024,6,7,240,1,0,0,0,LG,pi,4,58
2024,6,7,355,1,0,0,0,LG,pi,4,58
2024,6,7,405,1,0,0,0,LG,pi,4,58
2024,6,7,630,2,0,0,0,LG,pi,4,58
2024,6,7,840,2,0,0,0,LG,pi,4,58
2024,6,7,845,2,0,0,0,LG,pi,4,58
2024,6,7,1035,2,0,0,0,LG,pi,4,58
2024,6,7,1100,3,0,0,0,LG,pi,4,58
2024,6,7,1135,3,0,0,0,LG,pi,4,58
2024,6,7,1150,3,0,0,0,LG,pi,4,58
2024,6,7,1245,3,0,0,0,LG,pi,4,58
2024,6,7,1435,4,0,0,0,LG,pi,4,58
2024,6,7,1500,4,0,0,0,LG,pi,4,58
2024,6,7,1600,4,0,0,0,LG,pi,4,58
2024,6,7,1610,4,0,0,0,LG,pi,4,58
2024,6,7,1730,5,1,0,1,LG,pi,4,58
2024,6,7,1940,5,1,0,1,LG,pi,4,58
2024,6,7,2015,5,0,0,0,LG,pi,4,58
2024,6,7,2030,5,1,0,1,LG,pi,4,58
2024,6,7,2125,6,1,0,1,LG,pi,4,58
2024,6,7,2245,6,0,0,0,LG,pi,4,58
2024,6,7,2340,6,0,0,0,LG,pi,4,58
2024,6,7,2350,6,0,0,0,LG,pi,4,58
2024,6,8,145,1,0,0,0,LG,pi,4,58
2024,6,8,245,1,0,0,0,LG,pi,4,58
2024,6,8,335,1,0,0,0,LG,pi,4,58
2024,6,8,410,1,0,0,0,LG,pi,4,58
2024,6,8,615,2,0,0,0,LG,pi,4,58
2024,6,8,635,2,0,0,0,LG,pi,4,58
2024,6,8,740,2,0,0,0,LG,pi,4,58
2024,6,8,815,2,0,0,0,LG,pi,4,58
2024,6,8,1110,3,0,0,0,LG,pi,4,58
2024,6,8,1150,3,0,0,0,LG,pi,4,58
2024,6,8,1155,3,0,0,0,LG,pi,4,58
2024,6,8,1315,3,0,0,0,LG,pi,4,58
2024,6,8,1350,4,0,0,0,LG,pi,4,58
2024,6,8,1420,4,0,0,0,LG,pi,4,58
2024,6,8,1440,4,0,0,0,LG,pi,4,58
2024,6,8,1615,4,0,0,0,LG,pi,4,58
2024,6,8,1705,5,0,0,0,LG,pi,4,58
2024,6,8,1905,5,1,0,1,LG,pi,4,58
2024,6,8,1915,5,2,0,2,LG,pi,4,58
2024,6,8,2000,5,2,0,2,LG,pi,4,58
2024,6,8,2135,6,0,0,0,LG,pi,4,58
2024,6,8,2150,6,0,0,0,LG,pi,4,58
2024,6,8,2300,6,0,0,0,LG,pi,4,58
2024,6,8,2325,6,1,0,1,LG,pi,4,58
2024,6,9,10,1,0,0,0,LG,pi,4,58
2024,6,9,15,1,0,0,0,LG,pi,4,58
2024,6,9,320,1,0,0,0,LG,pi,4,58
2024,6,9,425,1,0,0,0,LG,pi,4,58
2024,6,9,500,2,0,0,0,LG,pi,4,58
2024,6,9,515,2,0,0,0,LG,pi,4,58
2024,6,9,635,2,0,0,0,LG,pi,4,58
2024,6,9,700,2,0,0,0,LG,pi,4,58
2024,6,9,1215,3,0,0,0,LG,pi,4,58
2024,6,9,1310,3,0,0,0,LG,pi,4,58
2024,6,9,1320,3,0,0,0,LG,pi,4,58
2024,6,9,1335,3,0,0,0,LG,pi,4,58
2024,6,9,1440,4,0,0,0,LG,pi,4,58
2024,6,9,1445,4,1,0,1,LG,pi,4,58
2024,6,9,1520,4,0,0,0,LG,pi,4,58
2024,6,9,1610,4,0,0,0,LG,pi,4,58
2024,6,9,1730,5,0,0,0,LG,pi,4,58
2024,6,9,1800,5,2,0,2,LG,pi,4,58
2024,6,9,1835,5,0,0,0,LG,pi,4,58
2024,6,9,1925,5,0,0,0,LG,pi,4,58
2024,6,9,2135,6,0,0,0,LG,pi,4,58
2024,6,9,2215,6,0,0,0,LG,pi,4,58
2024,6,9,2300,6,0,0,0,LG,pi,4,58
2024,6,9,2335,6,0,0,0,LG,pi,4,58
2024,6,10,20,1,0,0,0,LG,pi,4,58
2024,6,10,130,1,0,0,0,LG,pi,4,58
2024,6,10,140,1,1,0,1,LG,pi,4,58
2024,6,10,205,1,0,0,0,LG,pi,4,58
2024,6,10,555,2,0,0,0,LG,pi,4,58
2024,6,10,735,2,0,0,0,LG,pi,4,58
2024,6,10,855,2,0,0,0,LG,pi,4,58
2024,6,10,925,2,0,0,0,LG,pi,4,58
2024,6,10,1140,3,0,0,0,LG,pi,4,58
2024,6,10,1205,3,0,0,0,LG,pi,4,58
2024,6,10,1215,3,0,0,0,LG,pi,4,58
2024,6,10,1250,3,0,0,0,LG,pi,4,58
2024,6,10,1345,4,1,0,1,LG,pi,4,58
2024,6,10,1355,4,0,0,0,LG,pi,4,58
2024,6,10,1415,4,0,0,0,LG,pi,4,58
2024,6,10,1540,4,0,0,0,LG,pi,4,58
2024,6,10,1910,5,0,0,0,LG,pi,4,58
2024,6,10,1930,5,0,0,0,LG,pi,4,58
2024,6,10,2030,5,0,0,0,LG,pi,4,58
2024,6,10,2050,5,0,0,0,LG,pi,4,58
2024,6,10,2100,6,1,0,1,LG,pi,4,58
2024,6,10,2310,6,0,0,0,LG,pi,4,58
2024,6,10,2325,6,0,0,0,LG,pi,4,58
2024,6,10,2330,6,0,0,0,LG,pi,4,58
2024,6,11,35,1,0,0,0,LG,pi,4,58
2024,6,11,100,1,0,0,0,LG,pi,4,58
2024,6,11,210,1,0,0,0,LG,pi,4,58
2024,6,11,410,1,0,0,0,LG,pi,4,58
2024,6,11,555,2,0,0,0,LG,pi,4,58
2024,6,11,700,2,0,0,0,LG,pi,4,58
2024,6,11,800,2,0,0,0,LG,pi,4,58
2024,6,11,905,2,0,0,0,LG,pi,4,58
2024,6,11,1110,3,0,0,0,LG,pi,4,58
2024,6,11,1150,3,0,0,0,LG,pi,4,58
2024,6,11,1200,3,0,0,0,LG,pi,4,58
2024,6,11,1330,3,0,0,0,LG,pi,4,58
2024,6,11,1500,4,0,0,0,LG,pi,4,58
2024,6,11,1530,4,0,0,0,LG,pi,4,58
2024,6,11,1615,4,0,0,0,LG,pi,4,58
2024,6,11,1630,4,0,0,0,LG,pi,4,58
2024,6,11,1715,5,0,0,0,LG,pi,4,58
2024,6,11,1720,5,0,0,0,LG,pi,4,58
2024,6,11,2010,5,0,0,0,LG,pi,4,58
2024,6,11,2050,5,0,0,0,LG,pi,4,58
2024,6,11,2110,6,0,0,0,LG,pi,4,58
2024,6,11,2135,6,0,0,0,LG,pi,4,58
2024,6,11,2150,6,0,0,0,LG,pi,4,58
2024,6,11,2325,6,0,0,0,LG,pi,4,58
2024,6,12,5,1,0,0,0,LG,pi,4,58
2024,6,12,20,1,0,0,0,LG,pi,4,58
2024,6,12,155,1,0,0,0,LG,pi,4,58
2024,6,12,435,1,0,0,0,LG,pi,4,58
2024,6,12,610,2,0,0,0,LG,pi,4,58
2024,6,12,625,2,0,0,0,LG,pi,4,58
2024,6,12,825,2,0,0,0,LG,pi,4,58
2024,6,12,915,2,0,0,0,LG,pi,4,58
2024,6,12,1200,3,0,0,0,LG,pi,4,58
2024,6,12,1225,3,0,0,0,LG,pi,4,58
2024,6,12,1305,3,0,0,0,LG,pi,4,58
2024,6,12,1330,3,0,0,0,LG,pi,4,58
2024,6,12,1450,4,0,0,0,LG,pi,4,58
2024,6,12,1500,4,0,0,0,LG,pi,4,58
2024,6,12,1545,4,0,0,0,LG,pi,4,58
2024,6,12,1615,4,0,0,0,LG,pi,4,58
2024,6,12,1655,5,0,0,0,LG,pi,4,58
2024,6,12,1730,5,1,0,1,LG,pi,4,58
2024,6,12,1745,5,0,0,0,LG,pi,4,58
2024,6,12,1750,5,0,0,0,LG,pi,4,58
2024,6,12,2145,6,0,0,0,LG,pi,4,58
2024,6,12,2200,6,1,0,1,LG,pi,4,58
2024,6,12,2330,6,0,0,0,LG,pi,4,58
2024,6,12,2355,6,0,0,0,LG,pi,4,58
2024,6,13,30,1,0,0,0,LG,pi,4,58
2024,6,13,230,1,0,0,0,LG,pi,4,58
2024,6,13,320,1,0,0,0,LG,pi,4,58
2024,6,13,440,1,0,0,0,LG,pi,4,58
2024,6,13,700,2,0,0,0,LG,pi,4,58
2024,6,13,805,2,0,0,0,LG,pi,4,58
2024,6,13,835,2,0,0,0,LG,pi,4,58
2024,6,13,845,2,0,0,0,LG,pi,4,58
2024,6,13,1135,3,0,0,0,LG,pi,4,58
2024,6,13,1155,3,0,0,0,LG,pi,4,58
2024,6,13,1205,3,0,0,0,LG,pi,4,58
2024,6,13,1310,3,0,0,0,LG,pi,4,58
2024,6,13,1405,4,0,0,0,LG,pi,4,58
2024,6,13,1445,4,0,0,0,LG,pi,4,58
2024,6,13,1545,4,0,0,0,LG,pi,4,58
2024,6,13,1640,4,0,0,0,LG,pi,4,58
2024,6,13,1725,5,0,0,0,LG,pi,4,58
2024,6,13,1905,5,0,0,0,LG,pi,4,58
2024,6,13,1915,5,0,0,0,LG,pi,4,58
2024,6,13,1920,5,0,0,0,LG,pi,4,58
2024,6,13,2120,6,0,0,0,LG,pi,4,58
2024,6,13,2125,6,0,0,0,LG,pi,4,58
2024,6,13,2240,6,0,0,0,LG,pi,4,58
2024,6,13,2315,6,0,0,0,LG,pi,4,58
2024,6,14,25,1,0,0,0,LG,pi,4,58
2024,6,14,155,1,0,0,0,LG,pi,4,58
2024,6,14,230,1,0,0,0,LG,pi,4,58
2024,6,14,355,1,0,0,0,LG,pi,4,58
2024,6,14,720,2,0,0,0,LG,pi,4,58
2024,6,14,740,2,0,0,0,LG,pi,4,58
2024,6,14,835,2,0,0,0,LG,pi,4,58
2024,6,14,910,2,0,0,0,LG,pi,4,58
2024,6,14,1110,3,0,0,0,LG,pi,4,58
2024,6,14,1220,3,0,0,0,LG,pi,4,58
2024,6,14,1255,3,0,0,0,LG,pi,4,58
2024,6,14,1300,3,0,0,0,LG,pi,4,58
2024,6,14,1440,4,0,0,0,LG,pi,4,58
2024,6,14,1500,4,0,0,0,LG,pi,4,58
2024,6,14,1510,4,0,0,0,LG,pi,4,58
2024,6,14,1525,4,0,0,0,LG,pi,4,58
2024,6,14,1645,5,0,0,0,LG,pi,4,58
2024,6,14,1720,5,0,0,0,LG,pi,4,58
2024,6,14,1750,5,0,0,0,LG,pi,4,58
2024,6,14,1820,5,0,0,0,LG,pi,4,58
2024,6,14,2135,6,0,0,0,LG,pi,4,58
2024,6,14,2300,6,0,0,0,LG,pi,4,58
2024,6,14,2305,6,0,0,0,LG,pi,4,58
2024,6,14,2335,6,0,0,0,LG,pi,4,58
2024,6,15,125,1,0,0,0,LG,pi,4,58
2024,6,15,130,1,0,0,0,LG,pi,4,58
2024,6,15,205,1,0,0,0,LG,pi,4,58
2024,6,15,430,1,0,0,0,LG,pi,4,58
2024,6,15,535,2,0,0,0,LG,pi,4,58
2024,6,15,825,2,0,0,0,LG,pi,4,58
2024,6,15,830,2,0,0,0,LG,pi,4,58
2024,6,15,1015,2,0,0,0,LG,pi,4,58
2024,6,15,1105,3,0,0,0,LG,pi,4,58
2024,6,15,1110,3,0,0,0,LG,pi,4,58
2024,6,15,1305,3,0,0,0,LG,pi,4,58
2024,6,15,1330,3,0,0,0,LG,pi,4,58
2024,6,15,1415,4,0,0,0,LG,pi,4,58
2024,6,15,1500,4,0,0,0,LG,pi,4,58
2024,6,15,1515,4,0,0,0,LG,pi,4,58
2024,6,15,1635,4,0,0,0,LG,pi,4,58
2024,6,15,1705,5,0,0,0,LG,pi,4,58
2024,6,15,1730,5,0,0,0,LG,pi,4,58
2024,6,15,1835,5,0,0,0,LG,pi,4,58
2024,6,15,1850,5,0,0,0,LG,pi,4,58
2024,6,15,2205,6,0,0,0,LG,pi,4,58
2024,6,15,2315,6,0,0,0,LG,pi,4,58
2024,6,15,2325,6,0,0,0,LG,pi,4,58
2024,6,15,2350,6,0,0,0,LG,pi,4,58
2024,6,16,5,1,0,0,0,LG,pi,4,58
2024,6,16,50,1,0,0,0,LG,pi,4,58
2024,6,16,305,1,0,0,0,LG,pi,4,58
2024,6,16,320,1,0,0,0,LG,pi,4,58
2024,6,16,655,2,0,0,0,LG,pi,4,58
2024,6,16,700,2,0,0,0,LG,pi,4,58
2024,6,16,730,2,0,0,0,LG,pi,4,58
2024,6,16,940,2,0,0,0,LG,pi,4,58
2024,6,16,1130,3,0,0,0,LG,pi,4,58
2024,6,16,1215,3,0,0,0,LG,pi,4,58
2024,6,16,1220,3,0,0,0,LG,pi,4,58
2024,6,16,1245,3,0,0,0,LG,pi,4,58
2024,6,16,1435,4,0,0,0,LG,pi,4,58
2024,6,16,1500,4,0,0,0,LG,pi,4,58
2024,6,16,1545,4,0,0,0,LG,pi,4,58
2024,6,16,1635,4,0,0,0,LG,pi,4,58
2024,6,16,1810,5,0,0,0,LG,pi,4,58
2024,6,16,1820,5,0,0,0,LG,pi,4,58
2024,6,16,1840,5,0,0,0,LG,pi,4,58
2024,6,16,2015,5,0,0,0,LG,pi,4,58
2024,6,16,2120,6,0,0,0,LG,pi,4,58
2024,6,16,2125,6,0,0,0,LG,pi,4,58
2024,6,16,2255,6,0,0,0,LG,pi,4,58
2024,6,16,2305,6,0,0,0,LG,pi,4,58
2024,6,17,45,1,0,0,0,LG,pi,4,58
2024,6,17,255,1,0,0,0,LG,pi,4,58
2024,6,17,315,1,0,0,0,LG,pi,4,58
2024,6,17,320,1,0,0,0,LG,pi,4,58
2024,6,17,535,2,0,0,0,LG,pi,4,58
2024,6,17,705,2,0,0,0,LG,pi,4,58
2024,6,17,710,2,0,0,0,LG,pi,4,58
2024,6,17,955,2,0,0,0,LG,pi,4,58
2024,6,17,1140,3,0,0,0,LG,pi,4,58
2024,6,17,1230,3,0,0,0,LG,pi,4,58
2024,6,17,1315,3,0,0,0,LG,pi,4,58
2024,6,17,1320,3,0,0,0,LG,pi,4,58
2024,6,17,1430,4,0,0,0,LG,pi,4,58
2024,6,17,1455,4,0,0,0,LG,pi,4,58
2024,6,17,1525,4,0,0,0,LG,pi,4,58
2024,6,17,1640,4,0,0,0,LG,pi,4,58
2024,6,17,1810,5,0,0,0,LG,pi,4,58
2024,6,17,1835,5,0,0,0,LG,pi,4,58
2024,6,17,1955,5,0,0,0,LG,pi,4,58
2024,6,17,2035,5,0,0,0,LG,pi,4,58
2024,6,17,2120,6,0,0,0,LG,pi,4,58
2024,6,17,2135,6,0,0,0,LG,pi,4,58
2024,6,17,2315,6,0,0,0,LG,pi,4,58
2024,6,17,2345,6,0,0,0,LG,pi,4,58
2024,6,18,0,1,0,0,0,LG,pi,4,58
2024,6,18,100,1,0,0,0,LG,pi,4,58
2024,6,18,255,1,0,0,0,LG,pi,4,58
2024,6,18,420,1,0,0,0,LG,pi,4,58
2024,6,18,700,2,0,0,0,LG,pi,4,58
2024,6,18,955,2,0,0,0,LG,pi,4,58
2024,6,18,1005,2,0,0,0,LG,pi,4,58
2024,6,18,1020,2,0,0,0,LG,pi,4,58
2024,6,18,1200,3,0,0,0,LG,pi,4,58
2024,6,18,1230,3,0,0,0,LG,pi,4,58
2024,6,18,1250,3,0,0,0,LG,pi,4,58
2024,6,18,1315,3,0,0,0,LG,pi,4,58
2024,6,18,1445,4,0,0,0,LG,pi,4,58
2024,6,18,1510,4,0,0,0,LG,pi,4,58
2024,6,18,1600,4,0,0,0,LG,pi,4,58
2024,6,18,1635,4,0,0,0,LG,pi,4,58
2024,6,18,1815,5,0,0,0,LG,pi,4,58
2024,6,18,1845,5,0,0,0,LG,pi,4,58
2024,6,18,2040,5,0,0,0,LG,pi,4,58
2024,6,18,2055,5,0,0,0,LG,pi,4,58
2024,6,18,2110,6,0,0,0,LG,pi,4,58
2024,6,18,2215,6,0,0,0,LG,pi,4,58
2024,6,18,2255,6,0,0,0,LG,pi,4,58
2024,6,18,2350,6,0,0,0,LG,pi,4,58
2024,6,19,20,1,0,0,0,LG,pi,4,58
2024,6,19,25,1,0,0,0,LG,pi,4,58
2024,6,19,105,1,0,0,0,LG,pi,4,58
2024,6,19,440,1,0,0,0,LG,pi,4,58
2024,6,19,735,2,0,0,0,LG,pi,4,58
2024,6,19,825,2,0,0,0,LG,pi,4,58
2024,6,19,910,2,0,0,0,LG,pi,4,58
2024,6,19,950,2,0,0,0,LG,pi,4,58
2024,6,19,1200,3,0,0,0,LG,pi,4,58
2024,6,19,1255,3,0,0,0,LG,pi,4,58
2024,6,19,1310,3,0,0,0,LG,pi,4,58
2024,6,19,1320,3,0,0,0,LG,pi,4,58
2024,6,19,1455,4,0,0,0,LG,pi,4,58
2024,6,19,1500,4,0,0,0,LG,pi,4,58
2024,6,19,1530,4,0,0,0,LG,pi,4,58
2024,6,19,1540,4,0,0,0,LG,pi,4,58
2024,6,19,1730,5,0,0,0,LG,pi,4,58
2024,6,19,1815,5,0,0,0,LG,pi,4,58
2024,6,19,1935,5,0,0,0,LG,pi,4,58
2024,6,19,1940,5,0,0,0,LG,pi,4,58
2024,6,19,2125,6,0,0,0,LG,pi,4,58
2024,6,19,2130,6,0,0,0,LG,pi,4,58
2024,6,19,2220,6,0,0,0,LG,pi,4,58
2024,6,19,2330,6,0,0,0,LG,pi,4,58
2024,6,20,40,1,0,0,0,LG,pi,4,58
2024,6,20,100,1,0,0,0,LG,pi,4,58
2024,6,20,320,1,0,0,0,LG,pi,4,58
2024,6,20,445,1,0,0,0,LG,pi,4,58
2024,6,20,510,2,0,0,0,LG,pi,4,58
2024,6,20,540,2,0,0,0,LG,pi,4,58
2024,6,20,920,2,0,0,0,LG,pi,4,58
2024,6,20,925,2,0,0,0,LG,pi,4,58
2024,6,20,1145,3,0,0,0,LG,pi,4,58
2024,6,20,1155,3,0,0,0,LG,pi,4,58
2024,6,20,1300,3,0,0,0,LG,pi,4,58
2024,6,20,1330,3,0,0,0,LG,pi,4,58
2024,6,20,1405,4,0,0,0,LG,pi,4,58
2024,6,20,1425,4,0,0,0,LG,pi,4,58
2024,6,20,1455,4,0,0,0,LG,pi,4,58
2024,6,20,1540,4,0,0,0,LG,pi,4,58
2024,6,20,1710,5,0,0,0,LG,pi,4,58
2024,6,20,1745,5,0,0,0,LG,pi,4,58
2024,6,20,1815,5,0,0,0,LG,pi,4,58
2024,6,20,2005,5,0,0,0,LG,pi,4,58
2024,6,20,2130,6,0,0,0,LG,pi,4,58
2024,6,20,2135,6,0,0,0,LG,pi,4,58
2024,6,20,2230,6,0,0,0,LG,pi,4,58
2024,6,20,2310,6,0,0,0,LG,pi,4,58
2024,6,21,30,1,NA,NA,NA,NA,NA,NA,NA
2024,6,21,55,1,NA,NA,NA,NA,NA,NA,NA
2024,6,21,210,1,NA,NA,NA,NA,NA,NA,NA
2024,6,21,225,1,NA,NA,NA,NA,NA,NA,NA
2024,6,21,520,2,NA,NA,NA,NA,NA,NA,NA
2024,6,21,535,2,NA,NA,NA,NA,NA,NA,NA
2024,6,21,715,2,NA,NA,NA,NA,NA,NA,NA
2024,6,21,1010,2,NA,NA,NA,NA,NA,NA,NA
2024,6,21,1145,3,NA,NA,NA,NA,NA,NA,NA
2024,6,21,1205,3,NA,NA,NA,NA,NA,NA,NA
2024,6,21,1230,3,NA,NA,NA,NA,NA,NA,NA
2024,6,21,1340,3,NA,NA,NA,NA,NA,NA,NA
2024,6,21,1405,4,NA,NA,NA,NA,NA,NA,NA
2024,6,21,1455,4,NA,NA,NA,NA,NA,NA,NA
2024,6,21,1550,4,NA,NA,NA,NA,NA,NA,NA
2024,6,21,1555,4,NA,NA,NA,NA,NA,NA,NA
2024,6,21,1705,5,NA,NA,NA,NA,NA,NA,NA
2024,6,21,1715,5,NA,NA,NA,NA,NA,NA,NA
2024,6,21,1730,5,NA,NA,NA,NA,NA,NA,NA
2024,6,21,1925,5,NA,NA,NA,NA,NA,NA,NA
2024,6,21,2150,6,NA,NA,NA,NA,NA,NA,NA
2024,6,21,2305,6,NA,NA,NA,NA,NA,NA,NA
2024,6,21,2345,6,NA,NA,NA,NA,NA,NA,NA
2024,6,21,2355,6,NA,NA,NA,NA,NA,NA,NA
2024,6,22,0,1,NA,NA,NA,NA,NA,NA,NA
2024,6,22,140,1,NA,NA,NA,NA,NA,NA,NA
2024,6,22,200,1,NA,NA,NA,NA,NA,NA,NA
2024,6,22,435,1,NA,NA,NA,NA,NA,NA,NA
2024,6,22,705,2,NA,NA,NA,NA,NA,NA,NA
2024,6,22,720,2,NA,NA,NA,NA,NA,NA,NA
2024,6,22,745,2,NA,NA,NA,NA,NA,NA,NA
2024,6,22,1015,2,NA,NA,NA,NA,NA,NA,NA
2024,6,22,1100,3,NA,NA,NA,NA,NA,NA,NA
2024,6,22,1215,3,NA,NA,NA,NA,NA,NA,NA
2024,6,22,1225,3,NA,NA,NA,NA,NA,NA,NA
2024,6,22,1315,3,NA,NA,NA,NA,NA,NA,NA
2024,6,22,1410,4,NA,NA,NA,NA,NA,NA,NA
2024,6,22,1520,4,NA,NA,NA,NA,NA,NA,NA
2024,6,22,1615,4,NA,NA,NA,NA,NA,NA,NA
2024,6,22,1635,4,NA,NA,NA,NA,NA,NA,NA
2024,6,22,1645,5,NA,NA,NA,NA,NA,NA,NA
2024,6,22,1710,5,NA,NA,NA,NA,NA,NA,NA
2024,6,22,2030,5,NA,NA,NA,NA,NA,NA,NA
2024,6,22,2035,5,NA,NA,NA,NA,NA,NA,NA
2024,6,22,2145,6,NA,NA,NA,NA,NA,NA,NA
2024,6,22,2230,6,NA,NA,NA,NA,NA,NA,NA
2024,6,22,2315,6,NA,NA,NA,NA,NA,NA,NA
2024,6,22,2350,6,NA,NA,NA,NA,NA,NA,NA
2024,6,23,105,1,NA,NA,NA,NA,NA,NA,NA
2024,6,23,220,1,NA,NA,NA,NA,NA,NA,NA
2024,6,23,245,1,NA,NA,NA,NA,NA,NA,NA
2024,6,23,325,1,NA,NA,NA,NA,NA,NA,NA
2024,6,23,710,2,NA,NA,NA,NA,NA,NA,NA
2024,6,23,855,2,NA,NA,NA,NA,NA,NA,NA
2024,6,23,900,2,NA,NA,NA,NA,NA,NA,NA
2024,6,23,1035,2,NA,NA,NA,NA,NA,NA,NA
2024,6,23,1105,3,NA,NA,NA,NA,NA,NA,NA
2024,6,23,1110,3,NA,NA,NA,NA,NA,NA,NA
2024,6,23,1305,3,NA,NA,NA,NA,NA,NA,NA
2024,6,23,1315,3,NA,NA,NA,NA,NA,NA,NA
2024,6,23,1400,4,NA,NA,NA,NA,NA,NA,NA
2024,6,23,1430,4,NA,NA,NA,NA,NA,NA,NA
2024,6,23,1600,4,NA,NA,NA,NA,NA,NA,NA
2024,6,23,1610,4,NA,NA,NA,NA,NA,NA,NA
2024,6,23,1745,5,NA,NA,NA,NA,NA,NA,NA
2024,6,23,1755,5,NA,NA,NA,NA,NA,NA,NA
2024,6,23,1835,5,NA,NA,NA,NA,NA,NA,NA
2024,6,23,1925,5,NA,NA,NA,NA,NA,NA,NA
2024,6,23,2120,6,NA,NA,NA,NA,NA,NA,NA
2024,6,23,2150,6,NA,NA,NA,NA,NA,NA,NA
2024,6,23,2225,6,NA,NA,NA,NA,NA,NA,NA
2024,6,23,2315,6,NA,NA,NA,NA,NA,NA,NA
2024,6,24,105,1,NA,NA,NA,NA,NA,NA,NA
2024,6,24,110,1,NA,NA,NA,NA,NA,NA,NA
2024,6,24,200,1,NA,NA,NA,NA,NA,NA,NA
2024,6,24,230,1,NA,NA,NA,NA,NA,NA,NA
2024,6,24,615,2,NA,NA,NA,NA,NA,NA,NA
2024,6,24,720,2,NA,NA,NA,NA,NA,NA,NA
2024,6,24,935,2,NA,NA,NA,NA,NA,NA,NA
2024,6,24,1030,2,NA,NA,NA,NA,NA,NA,NA
2024,6,24,1050,3,NA,NA,NA,NA,NA,NA,NA
2024,6,24,1055,3,NA,NA,NA,NA,NA,NA,NA
2024,6,24,1145,3,NA,NA,NA,NA,NA,NA,NA
2024,6,24,1235,3,NA,NA,NA,NA,NA,NA,NA
2024,6,24,1405,4,NA,NA,NA,NA,NA,NA,NA
2024,6,24,1415,4,NA,NA,NA,NA,NA,NA,NA
2024,6,24,1420,4,NA,NA,NA,NA,NA,NA,NA
2024,6,24,1515,4,NA,NA,NA,NA,NA,NA,NA
2024,6,24,1750,5,NA,NA,NA,NA,NA,NA,NA
2024,6,24,1810,5,NA,NA,NA,NA,NA,NA,NA
2024,6,24,2015,5,NA,NA,NA,NA,NA,NA,NA
2024,6,24,2030,5,NA,NA,NA,NA,NA,NA,NA
2024,6,24,2205,6,NA,NA,NA,NA,NA,NA,NA
2024,6,24,2225,6,NA,NA,NA,NA,NA,NA,NA
2024,6,24,2250,6,NA,NA,NA,NA,NA,NA,NA
2024,6,24,2310,6,NA,NA,NA,NA,NA,NA,NA
2024,6,25,0,1,NA,NA,NA,NA,NA,NA,NA
2024,6,25,110,1,NA,NA,NA,NA,NA,NA,NA
2024,6,25,325,1,NA,NA,NA,NA,NA,NA,NA
2024,6,25,350,1,NA,NA,NA,NA,NA,NA,NA
2024,6,25,530,2,NA,NA,NA,NA,NA,NA,NA
2024,6,25,625,2,NA,NA,NA,NA,NA,NA,NA
2024,6,25,640,2,NA,NA,NA,NA,NA,NA,NA
2024,6,25,720,2,NA,NA,NA,NA,NA,NA,NA
2024,6,25,1120,3,NA,NA,NA,NA,NA,NA,NA
2024,6,25,1210,3,NA,NA,NA,NA,NA,NA,NA
2024,6,25,1225,3,NA,NA,NA,NA,NA,NA,NA
2024,6,25,1310,3,NA,NA,NA,NA,NA,NA,NA
2024,6,25,1400,4,NA,NA,NA,NA,NA,NA,NA
2024,6,25,1405,4,NA,NA,NA,NA,NA,NA,NA
2024,6,25,1500,4,NA,NA,NA,NA,NA,NA,NA
2024,6,25,1525,4,NA,NA,NA,NA,NA,NA,NA
2024,6,25,1740,5,NA,NA,NA,NA,NA,NA,NA
2024,6,25,1750,5,NA,NA,NA,NA,NA,NA,NA
2024,6,25,1950,5,NA,NA,NA,NA,NA,NA,NA
2024,6,25,2030,5,NA,NA,NA,NA,NA,NA,NA
2024,6,25,2205,6,NA,NA,NA,NA,NA,NA,NA
2024,6,25,2315,6,NA,NA,NA,NA,NA,NA,NA
2024,6,25,2330,6,NA,NA,NA,NA,NA,NA,NA
2024,6,25,2355,6,NA,NA,NA,NA,NA,NA,NA
2024,6,26,100,1,NA,NA,NA,NA,NA,NA,NA
2024,6,26,105,1,NA,NA,NA,NA,NA,NA,NA
2024,6,26,140,1,NA,NA,NA,NA,NA,NA,NA
2024,6,26,425,1,NA,NA,NA,NA,NA,NA,NA
2024,6,26,535,2,NA,NA,NA,NA,NA,NA,NA
2024,6,26,630,2,NA,NA,NA,NA,NA,NA,NA
2024,6,26,905,2,NA,NA,NA,NA,NA,NA,NA
2024,6,26,950,2,NA,NA,NA,NA,NA,NA,NA
2024,6,26,1055,3,NA,NA,NA,NA,NA,NA,NA
2024,6,26,1100,3,NA,NA,NA,NA,NA,NA,NA
2024,6,26,1310,3,NA,NA,NA,NA,NA,NA,NA
2024,6,26,1335,3,NA,NA,NA,NA,NA,NA,NA
2024,6,26,1435,4,NA,NA,NA,NA,NA,NA,NA
2024,6,26,1505,4,NA,NA,NA,NA,NA,NA,NA
2024,6,26,1510,4,NA,NA,NA,NA,NA,NA,NA
2024,6,26,1545,4,NA,NA,NA,NA,NA,NA,NA
2024,6,26,1750,5,NA,NA,NA,NA,NA,NA,NA
2024,6,26,1850,5,NA,NA,NA,NA,NA,NA,NA
2024,6,26,1950,5,NA,NA,NA,NA,NA,NA,NA
2024,6,26,2010,5,NA,NA,NA,NA,NA,NA,NA
2024,6,26,2230,6,NA,NA,NA,NA,NA,NA,NA
2024,6,26,2235,6,NA,NA,NA,NA,NA,NA,NA
2024,6,26,2255,6,NA,NA,NA,NA,NA,NA,NA
2024,6,26,2345,6,NA,NA,NA,NA,NA,NA,NA
2024,6,27,210,1,NA,NA,NA,NA,NA,NA,NA
2024,6,27,330,1,NA,NA,NA,NA,NA,NA,NA
2024,6,27,350,1,NA,NA,NA,NA,NA,NA,NA
2024,6,27,430,1,NA,NA,NA,NA,NA,NA,NA
2024,6,27,520,2,NA,NA,NA,NA,NA,NA,NA
2024,6,27,555,2,NA,NA,NA,NA,NA,NA,NA
2024,6,27,825,2,NA,NA,NA,NA,NA,NA,NA
2024,6,27,835,2,NA,NA,NA,NA,NA,NA,NA
2024,6,27,1200,3,NA,NA,NA,NA,NA,NA,NA
2024,6,27,1210,3,NA,NA,NA,NA,NA,NA,NA
2024,6,27,1225,3,NA,NA,NA,NA,NA,NA,NA
2024,6,27,1315,3,NA,NA,NA,NA,NA,NA,NA
2024,6,27,1350,4,NA,NA,NA,NA,NA,NA,NA
2024,6,27,1415,4,NA,NA,NA,NA,NA,NA,NA
2024,6,27,1535,4,NA,NA,NA,NA,NA,NA,NA
2024,6,27,1540,4,NA,NA,NA,NA,NA,NA,NA
2024,6,27,1710,5,NA,NA,NA,NA,NA,NA,NA
2024,6,27,1740,5,NA,NA,NA,NA,NA,NA,NA
2024,6,27,1750,5,NA,NA,NA,NA,NA,NA,NA
2024,6,27,2050,5,NA,NA,NA,NA,NA,NA,NA
2024,6,27,2125,6,NA,NA,NA,NA,NA,NA,NA
2024,6,27,2150,6,NA,NA,NA,NA,NA,NA,NA
2024,6,27,2225,6,NA,NA,NA,NA,NA,NA,NA
2024,6,27,2230,6,NA,NA,NA,NA,NA,NA,NA
2024,6,28,5,1,NA,NA,NA,NA,NA,NA,NA
2024,6,28,115,1,NA,NA,NA,NA,NA,NA,NA
2024,6,28,140,1,NA,NA,NA,NA,NA,NA,NA
2024,6,28,320,1,NA,NA,NA,NA,NA,NA,NA
2024,6,28,525,2,NA,NA,NA,NA,NA,NA,NA
2024,6,28,815,2,NA,NA,NA,NA,NA,NA,NA
2024,6,28,945,2,NA,NA,NA,NA,NA,NA,NA
2024,6,28,1020,2,NA,NA,NA,NA,NA,NA,NA
2024,6,28,1115,3,NA,NA,NA,NA,NA,NA,NA
2024,6,28,1230,3,NA,NA,NA,NA,NA,NA,NA
2024,6,28,1250,3,NA,NA,NA,NA,NA,NA,NA
2024,6,28,1325,3,NA,NA,NA,NA,NA,NA,NA
2024,6,28,1415,4,NA,NA,NA,NA,NA,NA,NA
2024,6,28,1430,4,NA,NA,NA,NA,NA,NA,NA
2024,6,28,1440,4,NA,NA,NA,NA,NA,NA,NA
2024,6,28,1505,4,NA,NA,NA,NA,NA,NA,NA
2024,6,28,1710,5,NA,NA,NA,NA,NA,NA,NA
2024,6,28,1810,5,NA,NA,NA,NA,NA,NA,NA
2024,6,28,1930,5,NA,NA,NA,NA,NA,NA,NA
2024,6,28,2040,5,NA,NA,NA,NA,NA,NA,NA
2024,6,28,2105,6,NA,NA,NA,NA,NA,NA,NA
2024,6,28,2145,6,NA,NA,NA,NA,NA,NA,NA
2024,6,28,2225,6,NA,NA,NA,NA,NA,NA,NA
2024,6,28,2320,6,NA,NA,NA,NA,NA,NA,NA
2024,6,29,20,1,NA,NA,NA,NA,NA,NA,NA
2024,6,29,200,1,NA,NA,NA,NA,NA,NA,NA
2024,6,29,415,1,NA,NA,NA,NA,NA,NA,NA
2024,6,29,445,1,NA,NA,NA,NA,NA,NA,NA
2024,6,29,630,2,NA,NA,NA,NA,NA,NA,NA
2024,6,29,720,2,NA,NA,NA,NA,NA,NA,NA
2024,6,29,855,2,NA,NA,NA,NA,NA,NA,NA
2024,6,29,920,2,NA,NA,NA,NA,NA,NA,NA
2024,6,29,1130,3,NA,NA,NA,NA,NA,NA,NA
2024,6,29,1250,3,NA,NA,NA,NA,NA,NA,NA
2024,6,29,1255,3,NA,NA,NA,NA,NA,NA,NA
2024,6,29,1305,3,NA,NA,NA,NA,NA,NA,NA
2024,6,29,1500,4,NA,NA,NA,NA,NA,NA,NA
2024,6,29,1520,4,NA,NA,NA,NA,NA,NA,NA
2024,6,29,1600,4,NA,NA,NA,NA,NA,NA,NA
2024,6,29,1630,4,NA,NA,NA,NA,NA,NA,NA
2024,6,29,1855,5,NA,NA,NA,NA,NA,NA,NA
2024,6,29,1940,5,NA,NA,NA,NA,NA,NA,NA
2024,6,29,2025,5,NA,NA,NA,NA,NA,NA,NA
2024,6,29,2055,5,NA,NA,NA,NA,NA,NA,NA
2024,6,29,2145,6,NA,NA,NA,NA,NA,NA,NA
2024,6,29,2255,6,NA,NA,NA,NA,NA,NA,NA
2024,6,29,2315,6,NA,NA,NA,NA,NA,NA,NA
2024,6,29,2330,6,NA,NA,NA,NA,NA,NA,NA
2024,6,30,20,1,NA,NA,NA,NA,NA,NA,NA
2024,6,30,55,1,NA,NA,NA,NA,NA,NA,NA
2024,6,30,225,1,NA,NA,NA,NA,NA,NA,NA
2024,6,30,255,1,NA,NA,NA,NA,NA,NA,NA
2024,6,30,540,2,NA,NA,NA,NA,NA,NA,NA
2024,6,30,705,2,NA,NA,NA,NA,NA,NA,NA
2024,6,30,710,2,NA,NA,NA,NA,NA,NA,NA
2024,6,30,740,2,NA,NA,NA,NA,NA,NA,NA
2024,6,30,1135,3,NA,NA,NA,NA,NA,NA,NA
2024,6,30,1205,3,NA,NA,NA,NA,NA,NA,NA
2024,6,30,1215,3,NA,NA,NA,NA,NA,NA,NA
2024,6,30,1315,3,NA,NA,NA,NA,NA,NA,NA
2024,6,30,1505,4,NA,NA,NA,NA,NA,NA,NA
2024,6,30,1525,4,NA,NA,NA,NA,NA,NA,NA
2024,6,30,1535,4,NA,NA,NA,NA,NA,NA,NA
2024,6,30,1610,4,NA,NA,NA,NA,NA,NA,NA
2024,6,30,1715,5,NA,NA,NA,NA,NA,NA,NA
2024,6,30,1720,5,NA,NA,NA,NA,NA,NA,NA
2024,6,30,1850,5,NA,NA,NA,NA,NA,NA,NA
2024,6,30,1930,5,NA,NA,NA,NA,NA,NA,NA
2024,6,30,2150,6,NA,NA,NA,NA,NA,NA,NA
2024,6,30,2220,6,NA,NA,NA,NA,NA,NA,NA
2024,6,30,2245,6,NA,NA,NA,NA,NA,NA,NA
2024,6,30,2315,6,NA,NA,NA,NA,NA,NA,NA
