year,mon,day,time,strata,count.upstream,count.downstream,number.up,camera.desc,minutes,seconds,notes
2024,4,1,305,1,0,0,0,pi,4,58,LG
2024,4,1,345,1,0,0,0,pi,4,58,LG
2024,4,1,355,1,0,0,0,pi,4,58,LG
2024,4,1,450,1,0,0,0,pi,4,58,LG
2024,4,1,535,2,0,0,0,pi,4,58,LG
2024,4,1,555,2,0,0,0,pi,4,58,LG
2024,4,1,620,2,0,0,0,pi,4,58,LG
2024,4,1,830,2,0,0,0,pi,4,58,LG
2024,4,1,1125,3,0,0,0,pi,4,58,LG
2024,4,1,1200,3,0,0,0,pi,4,58,LG
2024,4,1,1225,3,0,0,0,pi,4,58,LG
2024,4,1,1255,3,0,0,0,pi,4,58,LG
2024,4,1,1455,4,0,0,0,pi,4,58,LG
2024,4,1,1505,4,0,0,0,pi,4,58,LG
2024,4,1,1630,4,0,0,0,pi,4,58,LG
2024,4,1,1635,4,0,0,0,pi,4,58,LG
2024,4,1,1835,5,0,0,0,pi,4,58,LG
2024,4,1,1910,5,0,0,0,pi,4,58,LG
2024,4,1,1945,5,0,0,0,pi,4,58,LG
2024,4,1,2050,5,0,0,0,pi,4,58,LG
2024,4,1,2220,6,0,0,0,pi,4,58,LG
2024,4,1,2315,6,0,0,0,pi,4,58,LG
2024,4,1,2340,6,0,0,0,pi,4,58,LG
2024,4,1,2345,6,0,0,0,pi,4,58,LG
2024,4,2,45,1,0,0,0,pi,4,58,LG
2024,4,2,100,1,0,0,0,pi,4,58,LG
2024,4,2,345,1,0,0,0,pi,4,58,LG
2024,4,2,400,1,0,0,0,pi,4,58,LG
2024,4,2,545,2,0,0,0,pi,4,58,LG
2024,4,2,725,2,0,0,0,pi,4,58,LG
2024,4,2,755,2,0,0,0,pi,4,58,LG
2024,4,2,1035,2,0,0,0,pi,4,58,LG
2024,4,2,1120,3,0,0,0,pi,4,58,LG
2024,4,2,1300,3,0,0,0,pi,4,58,LG
2024,4,2,1305,3,0,0,0,pi,4,58,LG
2024,4,2,1315,3,0,0,0,pi,4,58,LG
2024,4,2,1405,4,0,0,0,pi,4,58,LG
2024,4,2,1415,4,0,0,0,pi,4,58,LG
2024,4,2,1525,4,0,0,0,pi,4,58,LG
2024,4,2,1615,4,0,0,0,pi,4,58,LG
2024,4,2,1755,5,0,0,0,pi,4,58,LG
2024,4,2,1805,5,0,0,0,pi,4,58,LG
2024,4,2,1820,5,0,0,0,pi,4,58,LG
2024,4,2,1855,5,0,0,0,pi,4,58,LG
2024,4,2,2105,6,0,0,0,pi,4,58,LG
2024,4,2,2110,6,0,0,0,pi,4,58,LG
2024,4,2,2245,6,0,0,0,pi,4,58,LG
2024,4,2,2335,6,0,0,0,pi,4,58,LG
2024,4,3,125,1,0,0,0,pi,4,58,LG
2024,4,3,130,1,0,0,0,pi,4,58,LG
2024,4,3,250,1,0,0,0,pi,4,58,LG
2024,4,3,425,1,0,0,0,pi,4,58,LG
2024,4,3,540,2,0,0,0,pi,4,58,LG
2024,4,3,830,2,0,0,0,pi,4,58,LG
2024,4,3,845,2,0,0,0,pi,4,58,LG
2024,4,3,905,2,0,0,0,pi,4,58,LG
2024,4,3,1110,3,0,0,0,pi,4,58,LG
2024,4,3,1145,3,0,0,0,pi,4,58,LG
2024,4,3,1240,3,0,0,0,pi,4,58,LG
2024,4,3,1335,3,0,0,0,pi,4,58,LG
2024,4,3,1420,4,0,0,0,pi,4,58,LG
2024,4,3,1445,4,0,0,0,pi,4,58,LG
2024,4,3,1515,4,0,0,0,pi,4,58,LG
2024,4,3,1635,4,0,0,0,pi,4,58,LG
2024,4,3,1645,5,0,0,0,pi,4,58,LG
2024,4,3,1730,5,0,0,0,pi,4,58,LG
2024,4,3,1800,5,0,0,0,pi,4,58,LG
2024,4,3,1915,5,0,0,0,pi,4,58,LG
2024,4,3,2100,6,0,0,0,pi,4,58,LG
2024,4,3,2150,6,0,0,0,pi,4,58,LG
2024,4,3,2255,6,0,0,0,pi,4,58,LG
2024,4,3,2350,6,0,0,0,pi,4,58,LG
2024,4,4,300,1,0,0,0,pi,4,58,LG
2024,4,4,305,1,0,0,0,pi,4,58,LG
2024,4,4,400,1,0,0,0,pi,4,58,LG
2024,4,4,420,1,0,0,0,pi,4,58,LG
2024,4,4,720,2,0,0,0,pi,4,58,LG
2024,4,4,915,2,0,0,0,pi,4,58,"lens too foggy to see, gets better by 0930"
2024,4,4,930,2,0,0,0,pi,4,58,LG
2024,4,4,1005,2,0,0,0,pi,4,58,LG
2024,4,4,1150,3,0,0,0,pi,4,58,LG
2024,4,4,1205,3,0,0,0,pi,4,58,LG
2024,4,4,1230,3,0,0,0,pi,4,58,LG
2024,4,4,1330,3,0,0,0,pi,4,58,LG
2024,4,4,1425,4,0,0,0,pi,4,58,LG
2024,4,4,1550,4,0,0,0,pi,4,58,LG
2024,4,4,1555,4,0,0,0,pi,4,58,LG
2024,4,4,1640,4,0,0,0,pi,4,58,LG
2024,4,4,1650,5,0,0,0,pi,4,58,LG
2024,4,4,1745,5,0,0,0,pi,4,58,LG
2024,4,4,1945,5,0,0,0,pi,4,58,LG
2024,4,4,2015,5,0,0,0,pi,4,58,LG
2024,4,4,2135,6,0,0,0,pi,4,58,LG
2024,4,4,2145,6,0,0,0,pi,4,58,LG
2024,4,4,2155,6,0,0,0,pi,4,58,LG
2024,4,4,2350,6,0,0,0,pi,4,58,LG
2024,4,5,15,1,0,0,0,pi,4,58,LG
2024,4,5,255,1,0,0,0,pi,4,58,LG
2024,4,5,300,1,0,0,0,pi,4,58,LG
2024,4,5,435,1,0,0,0,pi,4,58,LG
2024,4,5,520,2,0,0,0,pi,4,58,LG
2024,4,5,605,2,0,0,0,pi,4,58,LG
2024,4,5,805,2,0,0,0,pi,4,58,LG
2024,4,5,815,2,0,0,0,pi,4,58,LG
2024,4,5,1210,3,0,0,0,pi,4,58,LG
2024,4,5,1230,3,0,0,0,pi,4,58,LG
2024,4,5,1325,3,0,0,0,pi,4,58,LG
2024,4,5,1340,3,0,0,0,pi,4,58,LG
2024,4,5,1525,4,0,0,0,pi,4,58,LG
2024,4,5,1615,4,0,0,0,pi,4,58,LG
2024,4,5,1630,4,0,0,0,pi,4,58,LG
2024,4,5,1640,4,0,0,0,pi,4,58,LG
2024,4,5,1805,5,0,0,0,pi,4,58,LG
2024,4,5,1815,5,0,0,0,pi,4,58,LG
2024,4,5,1920,5,0,0,0,pi,4,58,LG
2024,4,5,2055,5,0,0,0,pi,4,58,LG
2024,4,5,2150,6,0,0,0,pi,4,58,LG
2024,4,5,2235,6,0,0,0,pi,4,58,LG
2024,4,5,2330,6,0,0,0,pi,4,58,LG
2024,4,5,2345,6,0,0,0,pi,4,58,LG
2024,4,6,210,1,0,0,0,pi,4,58,LG
2024,4,6,330,1,0,0,0,pi,4,58,LG
2024,4,6,355,1,0,0,0,pi,4,58,LG
2024,4,6,415,1,0,0,0,pi,4,58,LG
2024,4,6,515,2,0,0,0,pi,4,58,LG
2024,4,6,700,2,0,0,0,pi,4,58,LG
2024,4,6,855,2,0,0,0,pi,4,58,LG
2024,4,6,1015,2,0,0,0,pi,4,58,LG
2024,4,6,1110,3,0,0,0,pi,4,58,LG
2024,4,6,1220,3,0,0,0,pi,4,58,LG
2024,4,6,1315,3,0,0,0,pi,4,58,LG
2024,4,6,1335,3,0,0,0,pi,4,58,LG
2024,4,6,1425,4,0,0,0,pi,4,58,LG
2024,4,6,1545,4,0,0,0,pi,4,58,LG
2024,4,6,1620,4,0,0,0,pi,4,58,LG
2024,4,6,1625,4,0,0,0,pi,4,58,LG
2024,4,6,1750,5,0,0,0,pi,4,58,LG
2024,4,6,1940,5,0,0,0,pi,4,58,LG
2024,4,6,2035,5,0,0,0,pi,4,58,LG
2024,4,6,2050,5,0,0,0,pi,4,58,LG
2024,4,6,2115,6,0,0,0,pi,4,58,LG
2024,4,6,2225,6,0,0,0,pi,4,58,LG
2024,4,6,2245,6,0,0,0,pi,4,58,LG
2024,4,6,2255,6,0,0,0,pi,4,58,LG
2024,4,7,110,1,0,0,0,pi,4,58,LG
2024,4,7,250,1,0,0,0,pi,4,58,LG
2024,4,7,335,1,0,0,0,pi,4,58,LG
2024,4,7,405,1,0,0,0,pi,4,58,LG
2024,4,7,500,2,0,0,0,pi,4,58,LG
2024,4,7,520,2,0,0,0,pi,4,58,LG
2024,4,7,720,2,0,0,0,pi,4,58,LG
2024,4,7,750,2,0,0,0,pi,4,58,LG
2024,4,7,1050,3,0,0,0,pi,4,58,LG
2024,4,7,1100,3,0,0,0,pi,4,58,LG
2024,4,7,1155,3,0,0,0,pi,4,58,LG
2024,4,7,1305,3,0,0,0,pi,4,58,LG
2024,4,7,1350,4,0,0,0,pi,4,58,LG
2024,4,7,1430,4,0,0,0,pi,4,58,LG
2024,4,7,1450,4,0,0,0,pi,4,58,LG
2024,4,7,1555,4,0,0,0,pi,4,58,LG
2024,4,7,1720,5,0,0,0,pi,4,58,LG
2024,4,7,1730,5,0,0,0,pi,4,58,LG
2024,4,7,1735,5,0,0,0,pi,4,58,LG
2024,4,7,1930,5,0,0,0,pi,4,58,LG
2024,4,7,2250,6,0,0,0,pi,4,58,LG
2024,4,7,2305,6,0,0,0,pi,4,58,LG
2024,4,7,2330,6,0,0,0,pi,4,58,LG
2024,4,7,2350,6,0,0,0,pi,4,58,LG
2024,4,8,5,1,0,0,0,pi,4,58,LG
2024,4,8,215,1,0,0,0,pi,4,58,LG
2024,4,8,315,1,0,0,0,pi,4,58,LG
2024,4,8,340,1,0,0,0,pi,4,58,LG
2024,4,8,520,2,0,0,0,pi,4,58,LG
2024,4,8,620,2,0,0,0,pi,4,58,LG
2024,4,8,1015,2,0,0,0,pi,4,58,LG
2024,4,8,1030,2,0,0,0,pi,4,58,LG
2024,4,8,1105,3,0,0,0,pi,4,58,LG
2024,4,8,1120,3,0,0,0,pi,4,58,LG
2024,4,8,1255,3,0,0,0,pi,4,58,LG
2024,4,8,1320,3,0,0,0,pi,4,58,LG
2024,4,8,1345,4,0,0,0,pi,4,58,LG
2024,4,8,1440,4,0,0,0,pi,4,58,LG
2024,4,8,1455,4,0,0,0,pi,4,58,LG
2024,4,8,1605,4,0,0,0,pi,4,58,LG
2024,4,8,1715,5,0,0,0,pi,4,58,LG
2024,4,8,1825,5,0,0,0,pi,4,58,LG
2024,4,8,1925,5,0,0,0,pi,4,58,LG
2024,4,8,2050,5,0,0,0,pi,4,58,LG
2024,4,8,2100,6,0,0,0,pi,4,58,LG
2024,4,8,2145,6,0,0,0,pi,4,58,LG
2024,4,8,2320,6,0,0,0,pi,4,58,LG
2024,4,8,2345,6,0,0,0,pi,4,58,LG
2024,4,9,35,1,0,0,0,pi,4,58,LG
2024,4,9,125,1,0,0,0,pi,4,58,LG
2024,4,9,210,1,0,0,0,pi,4,58,LG
2024,4,9,320,1,0,0,0,pi,4,58,LG
2024,4,9,500,2,0,0,0,pi,4,58,LG
2024,4,9,605,2,0,0,0,pi,4,58,LG
2024,4,9,820,2,0,0,0,pi,4,58,LG
2024,4,9,1030,2,0,0,0,pi,4,58,LG
2024,4,9,1055,3,0,0,0,pi,4,58,LG
2024,4,9,1205,3,0,0,0,pi,4,58,LG
2024,4,9,1235,3,0,0,0,pi,4,58,LG
2024,4,9,1330,3,0,0,0,pi,4,58,LG
2024,4,9,1350,4,0,0,0,pi,4,58,LG
2024,4,9,1510,4,0,0,0,pi,4,58,LG
2024,4,9,1540,4,0,0,0,pi,4,58,LG
2024,4,9,1545,4,0,0,0,pi,4,58,LG
2024,4,9,1655,5,0,0,0,pi,4,58,LG
2024,4,9,1715,5,0,0,0,pi,4,58,LG
2024,4,9,1720,5,0,0,0,pi,4,58,LG
2024,4,9,1815,5,0,0,0,pi,4,58,LG
2024,4,9,2120,6,0,0,0,pi,4,58,LG
2024,4,9,2245,6,0,0,0,pi,4,58,LG
2024,4,9,2305,6,0,0,0,pi,4,58,LG
2024,4,9,2340,6,0,0,0,pi,4,58,LG
2024,4,10,45,1,0,0,0,pi,4,58,LG
2024,4,10,210,1,0,0,0,pi,4,58,LG
2024,4,10,220,1,0,0,0,pi,4,58,LG
2024,4,10,230,1,0,0,0,pi,4,58,LG
2024,4,10,555,2,0,0,0,pi,4,58,LG
2024,4,10,650,2,0,0,0,pi,4,58,LG
2024,4,10,945,2,0,0,0,pi,4,58,LG
2024,4,10,955,2,0,0,0,pi,4,58,LG
2024,4,10,1130,3,0,0,0,pi,4,58,LG
2024,4,10,1210,3,0,0,0,pi,4,58,LG
2024,4,10,1220,3,0,0,0,pi,4,58,LG
2024,4,10,1235,3,0,0,0,pi,4,58,LG
2024,4,10,1445,4,0,0,0,pi,4,58,LG
2024,4,10,1505,4,0,0,0,pi,4,58,LG
2024,4,10,1535,4,0,0,0,pi,4,58,LG
2024,4,10,1625,4,0,0,0,pi,4,58,LG
2024,4,10,1715,5,0,0,0,pi,4,58,LG
2024,4,10,1725,5,0,0,0,pi,4,58,LG
2024,4,10,1800,5,0,0,0,pi,4,58,LG
2024,4,10,2010,5,0,0,0,pi,4,58,LG
2024,4,10,2110,6,0,0,0,pi,4,58,LG
2024,4,10,2235,6,0,0,0,pi,4,58,LG
2024,4,10,2300,6,0,0,0,pi,4,58,LG
2024,4,10,2315,6,0,0,0,pi,4,58,LG
2024,4,11,0,1,0,0,0,pi,4,58,LG
2024,4,11,110,1,0,0,0,pi,4,58,LG
2024,4,11,120,1,0,0,0,pi,4,58,LG
2024,4,11,235,1,0,0,0,pi,4,58,LG
2024,4,11,605,2,0,0,0,pi,4,58,LG
2024,4,11,755,2,0,0,0,pi,4,58,LG
2024,4,11,925,2,0,0,0,pi,4,58,LG
2024,4,11,955,2,0,0,0,pi,4,58,LG
2024,4,11,1120,3,0,0,0,pi,4,58,LG
2024,4,11,1145,3,0,0,0,pi,4,58,LG
2024,4,11,1215,3,0,0,0,pi,4,58,LG
2024,4,11,1340,3,0,0,0,pi,4,58,LG
2024,4,11,1400,4,0,0,0,pi,4,58,LG
2024,4,11,1420,4,0,0,0,pi,4,58,LG
2024,4,11,1540,4,0,0,0,pi,4,58,LG
2024,4,11,1615,4,0,0,0,pi,4,58,LG
2024,4,11,1645,5,0,0,0,pi,4,58,LG
2024,4,11,1705,5,0,0,0,pi,4,58,LG
2024,4,11,1835,5,0,0,0,pi,4,58,LG
2024,4,11,1945,5,0,0,0,pi,4,58,LG
2024,4,11,2115,6,0,0,0,pi,4,58,LG
2024,4,11,2145,6,0,0,0,pi,4,58,LG
2024,4,11,2205,6,0,0,0,pi,4,58,LG
2024,4,11,2330,6,0,0,0,pi,4,58,LG
2024,4,12,310,1,0,0,0,pi,4,58,LG
2024,4,12,355,1,0,0,0,pi,4,58,LG
2024,4,12,400,1,0,0,0,pi,4,58,LG
2024,4,12,450,1,0,0,0,pi,4,58,LG
2024,4,12,500,2,0,0,0,pi,4,58,LG
2024,4,12,515,2,0,0,0,pi,4,58,LG
2024,4,12,745,2,0,0,0,pi,4,58,LG
2024,4,12,810,2,0,0,0,pi,4,58,LG
2024,4,12,1050,3,0,0,0,pi,4,58,LG
2024,4,12,1105,3,0,0,0,pi,4,58,LG
2024,4,12,1305,3,0,0,0,pi,4,58,LG
2024,4,12,1335,3,0,0,0,pi,4,58,LG
2024,4,12,1405,4,0,0,0,pi,4,58,LG
2024,4,12,1410,4,0,0,0,pi,4,58,LG
2024,4,12,1435,4,0,0,0,pi,4,58,LG
2024,4,12,1610,4,0,0,0,pi,4,58,LG
2024,4,12,1735,5,0,0,0,pi,4,58,LG
2024,4,12,1740,5,0,0,0,pi,4,58,LG
2024,4,12,1855,5,0,0,0,pi,4,58,LG
2024,4,12,2035,5,0,0,0,pi,4,58,LG
2024,4,12,2110,6,0,0,0,pi,4,58,LG
2024,4,12,2300,6,0,0,0,pi,4,58,LG
2024,4,12,2305,6,0,0,0,pi,4,58,LG
2024,4,12,2350,6,0,0,0,pi,4,58,LG
2024,4,13,25,1,0,0,0,pi,4,58,LG
2024,4,13,35,1,0,0,0,pi,4,58,LG
2024,4,13,325,1,0,0,0,pi,4,58,LG
2024,4,13,335,1,0,0,0,pi,4,58,LG
2024,4,13,515,2,0,0,0,pi,4,58,LG
2024,4,13,635,2,0,0,0,pi,4,58,LG
2024,4,13,645,2,0,0,0,pi,4,58,LG
2024,4,13,815,2,0,0,0,pi,4,58,LG
2024,4,13,1100,3,0,0,0,pi,4,58,LG
2024,4,13,1220,3,0,0,0,pi,4,58,LG
2024,4,13,1240,3,0,0,0,pi,4,58,LG
2024,4,13,1335,3,0,0,0,pi,4,58,LG
2024,4,13,1455,4,0,0,0,pi,4,58,LG
2024,4,13,1505,4,0,0,0,pi,4,58,LG
2024,4,13,1610,4,0,0,0,pi,4,58,LG
2024,4,13,1635,4,0,0,0,pi,4,58,LG
2024,4,13,1650,5,0,0,0,pi,4,58,LG
2024,4,13,1820,5,0,0,0,pi,4,58,LG
2024,4,13,1900,5,0,0,0,pi,4,58,LG
2024,4,13,2030,5,0,0,0,pi,4,58,LG; too foggy to see at first
2024,4,13,2115,6,0,0,0,pi,4,58,LG
2024,4,13,2135,6,0,0,0,pi,4,58,LG
2024,4,13,2155,6,0,0,0,pi,4,58,LG
2024,4,13,2230,6,0,0,0,pi,4,58,LG
2024,4,14,30,1,0,0,0,pi,4,58,LG
2024,4,14,140,1,0,0,0,pi,4,58,LG
2024,4,14,340,1,0,0,0,pi,4,58,LG
2024,4,14,345,1,0,0,0,pi,4,58,LG
2024,4,14,515,2,0,0,0,pi,4,58,LG
2024,4,14,710,2,0,0,0,pi,4,58,LG; cormorant lol
2024,4,14,1005,2,0,0,0,pi,4,58,LG
2024,4,14,1020,2,2,0,2,pi,4,58,LG; first ID
2024,4,14,1050,3,1,0,1,pi,4,58,LG
2024,4,14,1115,3,2,0,2,pi,4,58,LG; cormorant lol
2024,4,14,1135,3,4,0,4,pi,4,58,LG
2024,4,14,1240,3,0,0,0,pi,4,58,LG
2024,4,14,1420,4,0,0,0,pi,4,58,LG
2024,4,14,1510,4,0,0,0,pi,4,58,LG
2024,4,14,1610,4,0,0,0,pi,4,58,LG
2024,4,14,1620,4,1,0,1,pi,4,58,LG
2024,4,14,1655,5,0,0,0,pi,4,58,LG
2024,4,14,1705,5,0,0,0,pi,4,58,LG
2024,4,14,1715,5,3,0,3,pi,4,58,LG
2024,4,14,1840,5,0,0,0,pi,4,58,LG
2024,4,14,2205,6,1,0,1,pi,4,58,LG
2024,4,14,2255,6,1,1,0,pi,4,58,LG
2024,4,14,2320,6,0,0,0,pi,4,58,LG
2024,4,14,2335,6,0,0,0,pi,4,58,LG
2024,4,15,10,1,2,0,2,pi,4,58,LG
2024,4,15,145,1,1,0,1,pi,4,58,LG
2024,4,15,325,1,0,0,0,pi,4,58,LG
2024,4,15,420,1,2,0,2,pi,4,58,LG
2024,4,15,515,2,0,0,0,pi,4,58,LG
2024,4,15,520,2,0,0,0,pi,4,58,LG
2024,4,15,710,2,5,0,5,pi,4,58,LG
2024,4,15,1000,2,16,0,16,pi,4,58,LG
2024,4,15,1150,3,3,0,3,pi,4,58,LG
2024,4,15,1205,3,4,0,4,pi,4,58,LG
2024,4,15,1240,3,2,0,0,pi,4,58,LG
2024,4,15,1305,3,0,0,0,pi,4,58,LG
2024,4,15,1415,4,15,2,13,pi,4,58,LG
2024,4,15,1420,4,0,0,0,pi,4,58,LG
2024,4,15,1430,4,0,0,0,pi,4,58,LG
2024,4,15,1500,4,0,0,0,pi,4,58,LG
2024,4,15,1650,5,1,0,1,pi,4,58,LG
2024,4,15,1740,5,5,0,5,pi,4,58,LG
2024,4,15,1745,5,9,0,0,pi,4,58,LG
2024,4,15,2025,5,72,4,68,pi,4,58,LG
2024,4,15,2115,6,3,0,3,pi,4,58,LG
2024,4,15,2220,6,5,0,0,pi,4,58,LG
2024,4,15,2335,6,7,0,0,pi,4,58,LG
2024,4,15,2340,6,8,0,0,pi,4,58,LG
2024,4,16,35,1,0,0,0,pi,4,58,LG
2024,4,16,200,1,0,0,0,pi,4,58,LG
2024,4,16,300,1,0,0,0,pi,4,58,LG
2024,4,16,345,1,0,0,0,pi,4,58,LG
2024,4,16,625,2,0,0,0,pi,4,58,LG
2024,4,16,705,2,0,0,0,pi,4,58,LG
2024,4,16,720,2,2,0,2,pi,4,58,LG
2024,4,16,1035,2,1,0,0,pi,4,58,LG
2024,4,16,1115,3,4,0,4,pi,4,58,LG
2024,4,16,1130,3,5,0,5,pi,4,58,LG; Innovasea camera starting to block lower left part of chute
2024,4,16,1150,3,3,0,3,pi,4,58,LG
2024,4,16,1245,3,32,0,32,pi,4,58,LG
2024,4,16,1410,4,80,0,80,pi,4,58,LG
2024,4,16,1420,4,107,0,107,pi,4,58,LG
2024,4,16,1540,4,73,0,73,pi,4,58,LG; there appears to be something lodged in the chute in the top right corner
2024,4,16,1625,4,28,0,28,pi,4,58,LG; there appears to be something lodged in the chute in the top right corner
2024,4,16,1655,5,81,1,80,pi,4,58,LG; there appears to be something lodged in the chute in the top right corner
2024,4,16,1730,5,167,4,163,pi,4,58,LG; there appears to be something lodged in the chute in the top right corner
2024,4,16,1855,5,100,71,29,pi,4,58,LG; there appears to be something lodged in the chute in the top right corner; turbulent flow
2024,4,16,1950,5,109,93,16,pi,4,58,LG; there appears to be something lodged in the chute in the top right corner; turbulent flow
2024,4,16,2105,6,9,7,2,pi,4,58,LG; there appears to be something lodged in the chute in the top right corner; turbulent flow
2024,4,16,2150,6,2,0,2,pi,4,58,LG; there appears to be something lodged in the chute in the top right corner; turbulent flow
2024,4,16,2225,6,3,0,3,pi,4,58,LG; there appears to be something lodged in the chute in the top right corner; turbulent flow
2024,4,16,2320,6,0,1,-1,pi,4,58,LG; there appears to be something lodged in the chute in the top right corner; turbulent flow
2024,4,17,35,1,0,0,0,pi,4,58,LG; there appears to be something lodged in the chute in the top right corner; turbulent flow
2024,4,17,150,1,0,0,0,pi,4,58,LG; there appears to be something lodged in the chute in the top right corner; turbulent flow
2024,4,17,250,1,0,0,0,pi,4,58,LG; there appears to be something lodged in the chute in the top right corner; turbulent flow
2024,4,17,440,1,0,0,0,pi,4,58,LG; there appears to be something lodged in the chute in the top right corner; turbulent flow
2024,4,17,600,2,0,0,0,pi,4,58,LG; there appears to be something lodged in the chute in the top right corner; turbulent flow
2024,4,17,835,2,55,44,11,pi,4,58,LG; there appears to be something lodged in the chute in the top right corner; turbulent flow
2024,4,17,855,2,36,36,0,pi,4,58,LG; there appears to be something lodged in the chute in the top right corner; turbulent flow
2024,4,17,1030,2,30,20,10,pi,4,58,LG; there appears to be something lodged in the chute in the top right corner; turbulent flow
2024,4,17,1125,3,23,9,14,pi,4,58,LG; there appears to be something lodged in the chute in the top right corner; flow calming down
2024,4,17,1230,3,77,1,76,pi,4,58,"LG; object gone, taken out around 11:45 with flow becoming nearly laminar"
2024,4,17,1235,3,72,2,70,pi,4,58,LG
2024,4,17,1245,3,73,4,69,pi,4,58,LG
2024,4,17,1450,4,111,2,109,pi,4,58,LG
2024,4,17,1545,4,69,0,69,pi,4,58,LG
2024,4,17,1605,4,71,0,71,pi,4,58,LG
2024,4,17,1610,4,56,0,56,pi,4,58,LG
2024,4,17,1935,5,238,8,230,pi,4,58,LG
2024,4,17,2000,5,223,4,219,pi,4,58,LG
2024,4,17,2020,5,134,3,131,pi,4,58,LG
2024,4,17,2025,5,127,7,120,pi,4,58,LG
2024,4,17,2105,6,22,17,5,pi,4,58,"LG; fish having a hard time getting out for some reason, flow doesn't look too fast"
2024,4,17,2130,6,38,29,9,pi,4,58,"LG; fish having a hard time getting out for some reason, flow doesn't look too fast"
2024,4,17,2145,6,23,26,-3,pi,4,58,"LG; fish having a hard time getting out for some reason, flow doesn't look too fast"
2024,4,17,2225,6,10,12,-2,pi,4,58,"LG; fish having a hard time getting out for some reason, flow doesn't look too fast"
2024,4,18,150,1,4,3,1,pi,4,58,"LG; fish having a hard time getting out for some reason, flow doesn't look too fast"
2024,4,18,210,1,5,4,1,pi,4,58,"LG; fish having a hard time getting out for some reason, flow doesn't look too fast"
2024,4,18,400,1,0,0,0,pi,4,58,LG
2024,4,18,430,1,3,1,2,pi,4,58,LG
2024,4,18,545,2,1,0,1,pi,4,58,LG
2024,4,18,605,2,3,0,3,pi,4,58,LG
2024,4,18,940,2,79,0,79,pi,4,58,LG
2024,4,18,950,2,71,0,71,pi,4,58,LG
2024,4,18,1130,3,142,0,142,pi,4,58,LG
2024,4,18,1145,3,147,0,147,pi,4,58,LG
2024,4,18,1245,3,77,1,76,pi,4,58,LG
2024,4,18,1305,3,159,1,158,pi,4,58,LG
2024,4,18,1415,4,172,0,172,pi,4,58,LG
2024,4,18,1430,4,273,0,273,pi,4,58,LG
2024,4,18,1630,4,269,0,269,pi,4,58,LG
2024,4,18,1640,4,383,3,380,pi,4,58,LG
2024,4,18,1645,5,414,5,409,pi,4,58,LG
2024,4,18,1735,5,289,3,286,pi,4,58,LG
2024,4,18,1915,5,244,5,239,pi,4,58,LG
2024,4,18,2025,5,237,9,228,pi,4,58,LG
2024,4,18,2115,6,26,9,17,pi,4,58,LG; fish are having a hard time at night it seems
2024,4,18,2155,6,50,34,16,pi,4,58,LG; fish are having a hard time at night it seems
2024,4,18,2210,6,21,14,7,pi,4,58,LG; fish are having a hard time at night it seems
2024,4,18,2240,6,25,16,9,pi,4,58,LG; fish are having a hard time at night it seems
2024,4,19,125,1,7,4,3,pi,4,58,LG; fish are having a hard time at night it seems
2024,4,19,155,1,8,6,2,pi,4,58,LG; fish are having a hard time at night it seems
2024,4,19,220,1,4,1,3,pi,4,58,LG; fish are having a hard time at night it seems
2024,4,19,305,1,22,19,-3,pi,4,58,LG; fish are having a hard time at night it seems
2024,4,19,605,2,11,1,10,pi,4,58,LG; fish are having a hard time at night it seems
2024,4,19,735,2,218,2,216,pi,4,58,LG
2024,4,19,745,2,273,3,270,pi,4,58,LG
2024,4,19,840,2,357,7,350,pi,4,58,LG
2024,4,19,1055,3,298,3,295,pi,4,58,LG
2024,4,19,1145,3,258,4,254,pi,4,58,LG
2024,4,19,1255,3,285,7,278,pi,4,58,LG
2024,4,19,1330,3,353,6,347,pi,4,58,LG
2024,4,19,1355,4,258,3,255,pi,4,58,"LG; originally 13:55, but the video was to oshort, probably from when we switched video, so changed to 13:50"
2024,4,19,1415,4,268,2,266,pi,4,58,LG
2024,4,19,1505,4,280,4,276,pi,4,58,LG
2024,4,19,1540,4,291,0,291,pi,4,58,LG
2024,4,19,1700,5,247,5,242,pi,4,58,LG
2024,4,19,1725,5,357,3,354,pi,4,58,LG
2024,4,19,2000,5,376,0,376,pi,4,58,LG
2024,4,19,2010,5,362,1,361,pi,4,58,LG
2024,4,19,2125,6,21,17,4,pi,4,58,LG
2024,4,19,2140,6,14,24,-10,pi,4,58,LG
2024,4,19,2205,6,17,11,6,pi,4,58,LG
2024,4,19,2250,6,19,10,9,pi,4,58,LG
2024,4,20,10,1,12,4,8,pi,4,58,LG
2024,4,20,30,1,5,3,2,pi,4,58,LG
2024,4,20,55,1,11,6,5,pi,4,58,LG
2024,4,20,340,1,4,3,1,pi,4,58,LG
2024,4,20,625,2,70,1,69,pi,4,58,LG
2024,4,20,630,2,59,1,58,pi,4,58,LG
2024,4,20,700,2,127,1,126,pi,4,58,LG
2024,4,20,805,2,17,0,17,pi,4,58,LG
2024,4,20,1210,3,35,0,35,pi,4,58,LG
2024,4,20,1220,3,20,0,20,pi,4,58,LG
2024,4,20,1310,3,2,0,2,pi,4,58,LG
2024,4,20,1330,3,23,0,23,pi,4,58,LG
2024,4,20,1505,4,568,0,568,pi,4,58,LG
2024,4,20,1515,4,558,0,558,pi,4,58,LG
2024,4,20,1545,4,574,5,569,pi,4,58,DD
2024,4,20,1555,4,518,6,512,pi,4,58,DD
2024,4,20,1650,5,363,3,360,pi,4,58,DD
2024,4,20,1700,5,446,2,444,pi,4,58,DD
2024,4,20,1845,5,433,3,430,pi,4,58,DD
2024,4,20,2000,5,295,3,292,pi,4,58,DD
2024,4,20,2110,6,42,27,15,pi,4,58,DD
2024,4,20,2130,6,58,38,20,pi,4,58,DD
2024,4,20,2200,6,44,21,23,pi,4,58,DD
2024,4,20,2240,6,21,13,8,pi,4,58,DD
2024,4,21,35,1,33,10,23,pi,4,58,DD
2024,4,21,45,1,30,14,16,pi,4,58,DD
2024,4,21,220,1,17,4,13,pi,4,58,DD
2024,4,21,425,1,8,4,4,pi,4,58,DD
2024,4,21,505,2,7,2,5,pi,4,58,DD
2024,4,21,650,2,143,0,143,pi,4,58,DD
2024,4,21,850,2,60,0,60,pi,4,58,DD
2024,4,21,1010,2,45,0,45,pi,4,58,DD
2024,4,21,1140,3,366,5,361,pi,4,58,DD
2024,4,21,1205,3,318,4,314,pi,4,58,DD
2024,4,21,1245,3,655,24,631,pi,4,58,DD
2024,4,21,1335,3,356,0,356,pi,4,58,DD
2024,4,21,1415,4,310,4,306,pi,4,58,DD
2024,4,21,1440,4,330,5,325,pi,4,58,DD
2024,4,21,1530,4,236,2,234,pi,4,58,DD
2024,4,21,1555,4,268,2,266,pi,4,58,DD
2024,4,21,1650,5,560,27,533,pi,4,58,playing video at .3 in order to count
2024,4,21,1740,5,474,5,469,pi,4,58,playing video at .3 in order to count
2024,4,21,1910,5,465,11,454,pi,4,58,playing video at .5 in order to count
2024,4,21,2015,5,465,8,457,pi,4,58,playing video at .5
2024,4,21,2120,6,33,32,1,pi,4,58,DD
2024,4,21,2125,6,30,22,8,pi,4,58,DD
2024,4,21,2240,6,17,11,6,pi,4,58,DD
2024,4,21,2250,6,16,7,9,pi,4,58,DD
2024,4,22,130,1,5,2,3,pi,4,58,DD
2024,4,22,320,1,5,1,4,pi,4,58,DD
2024,4,22,425,1,3,1,2,pi,4,58,DD
2024,4,22,435,1,4,2,2,pi,4,58,DD
2024,4,22,715,2,29,0,29,pi,4,58,DD
2024,4,22,845,2,13,0,13,pi,4,58,DD
2024,4,22,850,2,10,0,10,pi,4,58,DD
2024,4,22,940,2,5,0,5,pi,4,58,DD
2024,4,22,1200,3,1,0,1,pi,4,58,LG
2024,4,22,1205,3,2,0,2,pi,4,58,LG
2024,4,22,1255,3,74,0,74,pi,4,58,LG
2024,4,22,1325,3,112,1,111,pi,4,58,LG
2024,4,22,1350,4,98,0,98,pi,4,58,LG
2024,4,22,1405,4,169,0,169,pi,4,58,LG
2024,4,22,1420,4,173,1,172,pi,4,58,LG
2024,4,22,1605,4,332,1,331,pi,4,58,LG
2024,4,22,1645,5,432,0,432,pi,4,58,LG
2024,4,22,1735,5,380,2,378,pi,4,58,LG
2024,4,22,1910,5,409,0,409,pi,4,58,LG
2024,4,22,1935,5,401,0,401,pi,4,58,LG
2024,4,22,2100,6,64,26,38,pi,4,58,LG
2024,4,22,2150,6,38,34,4,pi,4,58,LG
2024,4,22,2330,6,7,3,4,pi,4,58,LG
2024,4,22,2345,6,11,6,5,pi,4,58,LG
2024,4,23,30,1,11,10,1,pi,4,58,DD
2024,4,23,305,1,2,1,1,pi,4,58,DD
2024,4,23,410,1,3,3,0,pi,4,58,DD
2024,4,23,415,1,6,3,3,pi,4,58,DD
2024,4,23,755,2,57,1,56,pi,4,58,DD
2024,4,23,830,2,30,1,29,pi,4,58,DD
2024,4,23,940,2,18,0,18,pi,4,58,DD
2024,4,23,1030,2,7,0,7,pi,4,58,DD
2024,4,23,1130,3,33,0,33,pi,4,58,DD
2024,4,23,1135,3,39,0,39,pi,4,58,DD
2024,4,23,1215,3,33,0,33,pi,4,58,DD
2024,4,23,1305,3,204,0,204,pi,4,58,DD
2024,4,23,1410,4,260,2,258,pi,4,58,DD
2024,4,23,1550,4,230,1,229,pi,4,58,DD
2024,4,23,1555,4,171,1,170,pi,4,58,DD
2024,4,23,1610,4,227,0,227,pi,4,58,DD
2024,4,23,1900,5,319,0,319,pi,4,58,DD
2024,4,23,1930,5,339,2,337,pi,4,58,DD
2024,4,23,2045,5,57,5,52,pi,4,58,DD
2024,4,23,2050,5,51,4,47,pi,4,58,DD
2024,4,23,2110,6,38,27,11,PI,4,58,DD
2024,4,23,2145,6,34,17,17,PI,4,58,DD
2024,4,23,2155,6,17,16,-1,PI,4,58,DD
2024,4,23,2235,6,16,20,-4,PI,4,58,DD
2024,4,24,25,1,8,4,4,PI,4,58,DD
2024,4,24,205,1,2,1,1,PI,4,58,DD
2024,4,24,220,1,1,0,1,PI,4,58,DD
2024,4,24,430,1,2,0,2,PI,4,58,DD
2024,4,24,635,2,24,0,24,PI,4,58,DD
2024,4,24,730,2,16,0,16,PI,4,58,DD
2024,4,24,845,2,11,0,11,PI,4,58,DD
2024,4,24,1010,2,7,0,7,PI,4,58,DD
2024,4,24,1140,3,1,0,1,pi,4,58,DD
2024,4,24,1210,3,0,0,2,pi,4,58,DD
2024,4,24,1230,3,239,0,239,pi,4,58,DD
2024,4,24,1250,3,369,4,365,pi,4,58,DD
2024,4,24,1450,4,327,2,325,pi,4,58,DD
2024,4,24,1535,4,277,0,277,pi,4,58,DD
2024,4,24,1555,4,243,1,242,pi,4,58,DD
2024,4,24,1620,4,398,1,397,pi,4,58,DD
2024,4,24,1645,5,382,0,382,pi,4,58,DD
2024,4,24,1745,5,364,5,359,pi,4,58,DD
2024,4,24,1850,5,409,0,409,pi,4,58,DD
2024,4,24,2020,5,209,1,208,pi,4,58,DD
2024,4,24,2115,6,38,26,12,pi,4,58,DD
2024,4,24,2130,6,29,23,6,pi,4,58,DD
2024,4,24,2205,6,14,12,2,pi,4,58,DD
2024,4,24,2340,6,5,3,2,pi,4,58,DD
2024,4,25,110,1,3,2,1,pi,4,58,DD
2024,4,25,115,1,4,1,3,pi,4,58,DD
2024,4,25,130,1,2,2,0,pi,4,58,DD
2024,4,25,145,1,2,0,2,pi,4,58,DD
2024,4,25,545,2,1,0,1,pi,4,58,DD
2024,4,25,725,2,14,0,14,pi,4,58,DD
2024,4,25,910,2,1,0,1,pi,4,58,DD
2024,4,25,1040,2,9,0,9,pi,4,58,DD
2024,4,25,1055,3,3,0,3,pi,4,58,DD
2024,4,25,1110,3,4,0,4,pi,4,58,DD
2024,4,25,1310,3,29,0,29,pi,4,58,DD
2024,4,25,1330,3,237,2,235,pi,4,58,DD
2024,4,25,1355,4,256,1,255,pi,4,58,DD
2024,4,25,1410,4,240,0,240,pi,4,58,DD
2024,4,25,1535,4,210,1,209,pi,4,58,DD
2024,4,25,1610,4,253,0,253,pi,4,58,DD
2024,4,25,1805,5,259,0,259,pi,4,58,DD
2024,4,25,1815,5,305,1,304,pi,4,58,DD
2024,4,25,1945,5,353,3,350,pi,4,58,DD
2024,4,25,1955,5,302,2,300,pi,4,58,DD
2024,4,25,2100,6,23,12,11,pi,4,58,DD
2024,4,25,2210,6,21,17,4,pi,4,58,DD
2024,4,25,2320,6,8,4,4,pi,4,58,DD
2024,4,25,2350,6,8,5,3,pi,4,58,DD
2024,4,26,45,1,8,4,4,pi,4,58,DD
2024,4,26,100,1,5,1,4,pi,4,58,DD
2024,4,26,410,1,1,2,-1,pi,4,58,DD
2024,4,26,435,1,3,1,2,pi,4,58,DD
2024,4,26,510,2,4,1,3,pi,4,58,DD
2024,4,26,810,2,20,1,19,pi,4,58,DD
2024,4,26,925,2,5,0,5,pi,4,58,DD
2024,4,26,955,2,8,0,8,pi,4,58,DD
2024,4,26,1135,3,0,0,0,pi,4,58,DD
2024,4,26,1150,3,0,0,0,pi,4,58,DD
2024,4,26,1155,3,0,0,0,pi,4,58,DD
2024,4,26,1220,3,1,0,1,pi,4,58,LG
2024,4,26,1420,4,322,0,322,pi,4,58,LG
2024,4,26,1520,4,254,0,254,pi,4,58,LG
2024,4,26,1605,4,322,0,322,pi,4,58,LG
2024,4,26,1615,4,195,0,195,pi,4,58,LG
2024,4,26,1705,5,250,0,250,pi,4,58,LG
2024,4,26,1735,5,338,2,336,pi,4,58,LG
2024,4,26,1840,5,276,0,276,pi,4,58,LG
2024,4,26,1855,5,368,0,368,pi,4,58,LG
2024,4,26,2245,6,12,9,3,pi,4,58,LG
2024,4,26,2300,6,14,8,6,pi,4,58,LG
2024,4,26,2330,6,10,5,5,pi,4,58,LG
2024,4,26,2340,6,10,8,2,pi,4,58,LG
2024,4,27,110,1,2,0,2,pi,4,58,LG
2024,4,27,145,1,5,2,3,pi,4,58,LG
2024,4,27,225,1,2,2,0,pi,4,58,LG
2024,4,27,330,1,2,2,0,pi,4,58,LG
2024,4,27,725,2,63,0,63,pi,4,58,DD
2024,4,27,735,2,28,0,28,pi,4,58,LG
2024,4,27,825,2,13,0,13,pi,4,58,DD
2024,4,27,925,2,13,0,13,pi,4,58,LG
2024,4,27,1155,3,1,0,1,pi,4,58,DD
2024,4,27,1230,3,0,0,0,pi,4,58,LG
2024,4,27,1250,3,3,0,3,pi,4,58,LG
2024,4,27,1325,3,152,1,151,pi,4,58,DD
2024,4,27,1415,4,194,0,194,pi,4,58,LG
2024,4,27,1430,4,204,0,204,pi,4,58,LG
2024,4,27,1435,4,222,1,221,pi,4,58,DD
2024,4,27,1610,4,264,2,262,pi,4,58,LG
2024,4,27,1750,5,311,1,310,pi,4,58,DD
2024,4,27,1800,5,346,1,345,pi,4,58,LG
2024,4,27,1830,5,303,1,302,pi,4,58,DD
2024,4,27,1935,5,326,0,326,pi,4,58,LG
2024,4,27,2115,6,21,12,9,pi,4,58,DD
2024,4,27,2125,6,28,15,13,pi,4,58,LG
2024,4,27,2340,6,5,4,1,pi,4,58,DD
2024,4,27,2355,6,3,1,2,pi,4,58,LG
2024,4,28,10,1,5,3,2,pi,4,58,DD
2024,4,28,45,1,3,1,2,pi,4,58,LG
2024,4,28,320,1,0,0,0,pi,4,58,DD
2024,4,28,420,1,2,1,1,pi,4,58,LG
2024,4,28,550,2,15,0,15,pi,4,58,DD
2024,4,28,610,2,48,0,48,pi,4,58,LG
2024,4,28,700,2,8,0,8,pi,4,58,DD
2024,4,28,740,2,44,0,44,pi,4,58,LG
2024,4,28,1110,3,2,0,2,pi,4,58,DD
2024,4,28,1130,3,7,1,6,pi,4,58,LG
2024,4,28,1255,3,93,1,92,pi,4,58,LG
2024,4,28,1305,3,148,4,144,pi,4,58,DD
2024,4,28,1415,4,183,1,182,pi,4,58,LG
2024,4,28,1435,4,303,2,301,pi,4,58,LG
2024,4,28,1535,4,319,0,319,pi,4,58,DD
2024,4,28,1615,4,308,1,307,pi,4,58,LG
2024,4,28,1715,5,331,2,329,pi,4,58,DD
2024,4,28,1835,5,399,2,397,pi,4,58,LG
2024,4,28,1900,5,412,3,409,pi,4,58,LG
2024,4,28,1940,5,423,1,422,pi,4,58,DD
2024,4,28,2115,6,41,18,23,pi,4,58,LG
2024,4,28,2120,6,36,22,14,pi,4,58,DD
2024,4,28,2150,6,31,21,10,pi,4,58,LG
2024,4,28,2205,6,23,13,10,pi,4,58,DD
2024,4,29,50,1,8,8,0,pi,4,58,LG
2024,4,29,140,1,2,2,0,pi,4,58,DD
2024,4,29,220,1,6,6,0,pi,4,58,LG
2024,4,29,440,1,7,5,2,pi,4,58,DD
2024,4,29,505,2,7,5,2,pi,4,58,LG
2024,4,29,610,2,26,1,25,pi,4,58,DD
2024,4,29,700,2,40,1,39,pi,4,58,LG
2024,4,29,955,2,3,0,3,pi,4,58,DD
2024,4,29,1050,3,3,0,3,pi,4,58,LG
2024,4,29,1310,3,437,0,437,pi,4,58,LG
2024,4,29,1325,3,479,0,479,pi,4,58,LG
2024,4,29,1340,3,475,1,474,pi,4,58,LG
2024,4,29,1600,4,455,1,454,pi,4,58,LG
2024,4,29,1615,4,370,4,364,pi,4,58,LG
2024,4,29,1620,4,281,2,279,pi,4,58,LG
2024,4,29,1630,4,314,0,314,pi,4,58,LG
2024,4,29,1645,5,425,2,423,pi,4,58,LG
2024,4,29,1705,5,348,2,346,pi,4,58,LG
2024,4,29,1845,5,382,0,382,pi,4,58,LG
2024,4,29,1945,5,566,1,565,pi,4,58,LG
2024,4,29,2120,6,34,2,32,pi,4,58,LG
2024,4,29,2140,6,26,8,18,pi,4,58,LG
2024,4,29,2150,6,18,6,12,pi,4,58,LG
2024,4,29,2320,6,4,1,3,pi,4,58,LG
2024,4,30,240,1,2,0,2,pi,4,58,LG
2024,4,30,320,1,1,1,0,pi,4,58,LG
2024,4,30,350,1,1,0,1,pi,4,58,LG
2024,4,30,430,1,1,0,1,pi,4,58,LG
2024,4,30,510,2,4,0,4,pi,4,58,LG
2024,4,30,550,2,16,0,16,pi,4,58,LG
2024,4,30,835,2,44,1,43,pi,4,58,LG
2024,4,30,1015,2,7,0,7,pi,4,58,LG
2024,4,30,1055,3,12,0,12,pi,4,58,LG
2024,4,30,1100,3,10,0,10,pi,4,58,LG
2024,4,30,1110,3,3,0,3,pi,4,58,LG
2024,4,30,1225,3,58,0,58,pi,4,58,LG
2024,4,30,1410,4,476,0,476,pi,4,58,LG
2024,4,30,1520,4,516,0,516,pi,4,58,LG
2024,4,30,1530,4,460,2,458,pi,4,58,LG
2024,4,30,1610,4,438,1,437,pi,4,58,LG
2024,4,30,1705,5,456,4,455,pi,4,58,LG
2024,4,30,1840,5,518,2,516,pi,4,58,LG
2024,4,30,2015,5,370,1,369,pi,4,58,LG
2024,4,30,2040,5,242,0,242,pi,4,58,LG
2024,4,30,2100,6,51,10,41,pi,4,58,LG
2024,4,30,2110,6,57,13,44,pi,4,58,LG
2024,4,30,2115,6,43,17,26,pi,4,58,LG
2024,4,30,2125,6,27,7,20,pi,4,58,LG
2024,5,1,225,1,0,0,0,pi,4,58,LG
2024,5,1,255,1,2,0,2,pi,4,58,LG
2024,5,1,410,1,0,0,0,pi,4,58,LG
2024,5,1,435,1,0,0,0,pi,4,58,LG
2024,5,1,545,2,7,0,7,pi,4,58,LG
2024,5,1,725,2,165,0,162,pi,4,58,LG
2024,5,1,825,2,59,0,59,pi,4,58,LG
2024,5,1,900,2,57,0,57,pi,4,58,LG
2024,5,1,1150,3,6,0,6,pi,4,58,LG
2024,5,1,1255,3,547,0,547,pi,4,58,LG
2024,5,1,1310,3,530,2,528,pi,4,58,LG
2024,5,1,1315,3,572,0,572,pi,4,58,LG
2024,5,1,1350,4,353,0,353,pi,4,58,LG
2024,5,1,1400,4,286,0,286,pi,4,58,LG
2024,5,1,1425,4,290,0,290,pi,4,58,LG
2024,5,1,1445,4,272,2,272,pi,4,58,LG
2024,5,1,1700,5,276,0,276,pi,4,58,LG
2024,5,1,1730,5,427,2,425,pi,4,58,LG
2024,5,1,1900,5,366,0,366,pi,4,58,LG
2024,5,1,1930,5,322,0,322,pi,4,58,LG
2024,5,1,2100,6,58,3,55,pi,4,58,LG
2024,5,1,2135,6,24,5,19,pi,4,58,LG
2024,5,1,2320,6,8,2,6,pi,4,58,LG
2024,5,1,2340,6,8,4,4,pi,4,58,LG
2024,5,2,25,1,11,4,7,pi,4,58,LG
2024,5,2,105,1,4,1,3,pi,4,58,LG
2024,5,2,220,1,3,0,3,pi,4,58,LG
2024,5,2,245,1,1,1,0,pi,4,58,LG
2024,5,2,500,2,5,1,4,pi,4,58,LG
2024,5,2,740,2,190,1,189,pi,4,58,LG
2024,5,2,900,2,51,0,51,pi,4,58,LG
2024,5,2,920,2,45,1,44,pi,4,58,LG
2024,5,2,1100,3,175,0,175,pi,4,58,LG
2024,5,2,1105,3,107,0,107,pi,4,58,LG
2024,5,2,1215,3,471,1,470,pi,4,58,DD
2024,5,2,1305,3,395,0,395,pi,4,58,DD
2024,5,2,1440,4,494,1,493,pi,4,58,DD
2024,5,2,1500,4,460,2,458,pi,4,58,DD
2024,5,2,1550,4,383,0,383,pi,4,58,DD
2024,5,2,1625,4,442,3,439,pi,4,58,DD
2024,5,2,1715,5,422,2,420,pi,4,58,DD
2024,5,2,1750,5,545,3,542,pi,4,58,DD
2024,5,2,1920,5,455,3,452,pi,4,58,DD
2024,5,2,2050,5,131,5,126,pi,4,58,DD
2024,5,2,2320,6,13,3,10,pi,4,58,DD
2024,5,2,2330,6,16,3,13,pi,4,58,DD
2024,5,2,2340,6,6,2,4,pi,4,58,DD
2024,5,2,2345,6,8,1,7,pi,4,58,DD
2024,5,3,120,1,1,1,0,PI,4,58,DD
2024,5,3,340,1,0,0,0,pi,4,58,DD
2024,5,3,420,1,2,0,2,pi,4,58,DD
2024,5,3,450,1,7,0,7,pi,4,58,DD
2024,5,3,530,2,21,1,20,PI,4,58,DD
2024,5,3,605,2,198,0,198,pi,4,58,DD
2024,5,3,840,2,454,2,452,pi,4,58,DD
2024,5,3,945,2,437,0,437,pi,4,58,DD
2024,5,3,1050,3,486,0,486,pi,4,58,DD
2024,5,3,1130,3,484,0,484,pi,4,58,DD
2024,5,3,1205,3,497,1,496,pi,4,58,DD
2024,5,3,1235,3,414,0,414,pi,4,58,LG
2024,5,3,1355,4,339,0,339,pi,4,58,LG
2024,5,3,1420,4,277,0,277,pi,4,58,LG
2024,5,3,1455,4,277,0,277,pi,4,58,"LG; not a typo, got the same count as the previous video"
2024,5,3,1510,4,188,0,188,pi,4,58,LG
2024,5,3,1645,5,221,0,221,pi,4,58,DD
2024,5,3,1650,5,226,0,226,pi,4,58,DD
2024,5,3,1700,5,217,0,217,pi,4,58,DD
2024,5,3,1755,5,314,0,314,pi,4,58,DD
2024,5,3,2115,6,48,7,41,pi,4,58,DD
2024,5,3,2125,6,29,4,25,pi,4,58,DD
2024,5,3,2200,6,17,6,11,pi,4,58,DD
2024,5,3,2255,6,13,1,12,pi,4,58,DD
2024,5,4,10,1,6,0,6,pi,4,58,DD
2024,5,4,130,1,2,0,2,pi,4,58,DD
2024,5,4,320,1,5,1,4,pi,4,58,DD
2024,5,4,325,1,4,0,4,pi,4,58,DD
2024,5,4,535,2,21,0,21,pi,4,58,DD
2024,5,4,725,2,386,3,383,pi,4,58,DD
2024,5,4,855,2,199,0,199,pi,4,58,DD
2024,5,4,1030,2,428,0,428,pi,4,58,DD
2024,5,4,1055,3,422,4,418,pi,4,58,DD
2024,5,4,1210,3,498,3,495,pi,4,58,DD
2024,5,4,1255,3,423,8,415,pi,4,58,DD
2024,5,4,1300,3,442,8,434,pi,4,58,DD
2024,5,4,1400,4,400,1,399,pi,4,58,DD
2024,5,4,1445,4,509,7,502,pi,4,58,DD
2024,5,4,1510,4,491,3,488,pi,4,58,DD
2024,5,4,1550,4,440,2,438,pi,4,58,DD
2024,5,4,1710,5,363,5,358,pi,4,58,DD
2024,5,4,1715,5,384,1,383,pi,4,58,DD
2024,5,4,1855,5,346,2,344,pi,4,58,DD
2024,5,4,2030,5,296,0,296,pi,4,58,DD
2024,5,4,2145,6,43,12,31,pi,4,58,DD
2024,5,4,2210,6,23,8,15,pi,4,58,DD
2024,5,4,2215,6,26,8,18,pi,4,58,DD
2024,5,4,2305,6,14,7,7,pi,4,58,DD
2024,5,5,25,1,4,2,2,pi,4,58,DD
2024,5,5,105,1,2,0,2,pi,4,58,DD
2024,5,5,250,1,0,0,0,pi,4,58,DD
2024,5,5,325,1,9,3,6,pi,4,58,DD
2024,5,5,500,2,5,2,3,pi,4,58,DD
2024,5,5,550,2,41,2,39,pi,4,58,DD
2024,5,5,615,2,131,1,130,pi,4,58,DD
2024,5,5,705,2,274,0,274,pi,4,58,DD
2024,5,5,1100,3,448,5,443,pi,4,58,DD
2024,5,5,1130,3,486,5,481,pi,4,58,DD
2024,5,5,1240,3,359,2,357,pi,4,58,DD
2024,5,5,1340,3,392,1,391,pi,4,58,DD
2024,5,5,1405,4,301,2,299,pi,4,58,DD
2024,5,5,1410,4,289,1,288,pi,4,58,DD
2024,5,5,1450,4,317,1,316,pi,4,58,DD
2024,5,5,1535,4,362,2,360,pi,4,58,DD
2024,5,5,1700,5,322,1,321,pi,4,58,DD
2024,5,5,1735,5,462,3,459,pi,4,58,DD
2024,5,5,2005,5,413,7,406,pi,4,58,DD
2024,5,5,2050,5,161,0,161,pi,4,58,DD
2024,5,5,2140,6,34,12,22,pi,4,58,DD
2024,5,5,2235,6,11,11,0,pi,4,58,DD
2024,5,5,2300,6,14,14,0,pi,4,58,DD
2024,5,5,2330,6,17,7,10,pi,4,58,DD
2024,5,6,105,1,9,6,3,pi,4,58,DD
2024,5,6,300,1,5,1,4,pi,4,58,DD
2024,5,6,310,1,3,0,3,pi,4,58,DD
2024,5,6,320,1,3,2,1,pi,4,58,DD
2024,5,6,540,2,12,3,9,pi,4,58,DD
2024,5,6,830,2,234,2,232,pi,4,58,DD
2024,5,6,940,2,116,0,116,pi,4,58,DD
2024,5,6,1000,2,69,0,69,pi,4,58,DD
2024,5,6,1045,3,233,0,233,pi,4,58,DD
2024,5,6,1120,3,430,2,428,pi,4,58,DD
2024,5,6,1150,3,395,0,395,pi,4,58,DD
2024,5,6,1230,3,625,3,622,pi,4,58,DD
2024,5,6,1345,4,539,0,539,pi,4,58,LG
2024,5,6,1400,4,632,0,632,pi,4,58,LG
2024,5,6,1430,4,395,3,392,pi,4,58,LG
2024,5,6,1525,4,471,2,469,pi,4,58,LG
2024,5,6,1650,5,465,2,463,pi,4,58,LG
2024,5,6,1725,5,353,1,352,pi,4,58,LG
2024,5,6,1945,5,182,2,180,pi,4,58,LG
2024,5,6,1950,5,447,1,446,pi,4,58,LG
2024,5,6,2115,6,68,2,66,pi,4,58,LG
2024,5,6,2225,6,29,4,25,pi,4,58,LG
2024,5,6,2300,6,28,4,24,pi,4,58,LG
2024,5,6,2310,6,33,6,27,pi,4,58,LG
2024,5,7,25,1,26,5,21,pi,4,58,LG
2024,5,7,35,1,14,3,11,pi,4,58,LG
2024,5,7,320,1,8,5,3,pi,4,58,LG
2024,5,7,355,1,10,6,4,pi,4,58,LG
2024,5,7,655,2,477,0,477,pi,4,58,LG
2024,5,7,745,2,321,0,321,pi,4,58,LG
2024,5,7,810,2,343,0,343,pi,4,58,LG
2024,5,7,835,2,256,1,255,pi,4,58,LG
2024,5,7,1045,3,302,2,300,pi,4,58,LG
2024,5,7,1055,3,324,7,317,pi,4,58,DD
2024,5,7,1145,3,355,4,351,pi,4,58,DD
2024,5,7,1215,3,509,1,508,pi,4,58,LG
2024,5,7,1420,4,339,1,338,pi,4,58,LG
2024,5,7,1425,4,324,1,323,pi,4,58,LG
2024,5,7,1445,4,353,2,351,pi,4,58,LG
2024,5,7,1610,4,256,3,253,pi,4,58,LG
2024,5,7,1710,5,347,1,346,pi,4,58,LG
2024,5,7,1855,5,415,0,415,pi,4,58,LG
2024,5,7,1935,5,415,0,415,pi,4,58,"LG; not a typo, got the same count as the previous video"
2024,5,7,1940,5,377,0,377,pi,4,58,LG
2024,5,7,2125,6,70,10,60,pi,4,58,LG
2024,5,7,2205,6,37,6,31,pi,4,58,LG
2024,5,7,2330,6,18,9,9,pi,4,58,LG
2024,5,7,2355,6,12,9,3,pi,4,58,LG
2024,5,8,15,1,9,8,1,pi,4,58,LG
2024,5,8,50,1,10,5,5,pi,4,58,LG
2024,5,8,140,1,7,5,2,pi,4,58,LG
2024,5,8,325,1,9,3,6,pi,4,58,LG
2024,5,8,610,2,395,2,393,pi,4,58,DD
2024,5,8,740,2,349,3,346,pi,4,58,DD
2024,5,8,830,2,239,0,239,pi,4,58,DD
2024,5,8,915,2,135,0,135,pi,4,58,DD
2024,5,8,1120,3,351,8,343,pi,4,58,DD; hard video to count with all the shadow
2024,5,8,1125,3,377,1,376,pi,4,58,DD; hard video to count with all the shadow
2024,5,8,1135,3,455,0,455,PI,4,58,DD; hard video to count with all the shadow
2024,5,8,1230,3,339,2,337,pi,4,58,DD
2024,5,8,1355,4,558,0,558,pi,4,58,DD
2024,5,8,1530,4,654,1,653,pi,4,58,DD
2024,5,8,1550,4,623,0,623,pi,4,58,DD
2024,5,8,1640,4,594,1,593,pi,4,58,DD
2024,5,8,1705,5,443,0,443,pi,4,58,DD
2024,5,8,1845,5,624,1,623,pi,4,58,DD
2024,5,8,1850,5,539,3,536,pi,4,58,DD
2024,5,8,2005,5,414,0,414,pi,4,58,DD
2024,5,8,2105,6,76,3,73,pi,4,58,DD
2024,5,8,2140,6,50,2,48,pi,4,58,DD
2024,5,8,2210,6,41,4,37,pi,4,58,DD
2024,5,8,2340,6,11,0,11,pi,4,58,DD
2024,5,9,25,1,15,2,13,pi,4,58,DD
2024,5,9,45,1,18,2,16,pi,4,58,DD
2024,5,9,55,1,14,2,12,pi,4,58,DD
2024,5,9,410,1,10,1,9,pi,4,58,DD
2024,5,9,630,2,247,1,246,pi,4,58,DD
2024,5,9,655,2,380,1,379,pi,4,58,DD
2024,5,9,755,2,471,2,469,pi,4,58,DD
2024,5,9,1010,2,154,0,154,pi,4,58,DD
2024,5,9,1135,3,478,0,478,pi,4,58,DD
2024,5,9,1220,3,642,0,642,pi,4,58,LG
2024,5,9,1225,3,659,0,659,pi,4,58,LG
2024,5,9,1315,3,554,0,554,pi,4,58,LG
2024,5,9,1430,4,602,0,602,pi,4,58,LG
2024,5,9,1500,4,544,1,543,pi,4,58,LG
2024,5,9,1610,4,381,0,381,pi,4,58,LG
2024,5,9,1640,4,427,0,427,pi,4,58,LG
2024,5,9,1855,5,582,0,582,pi,4,58,LG
2024,5,9,2000,5,347,0,347,pi,4,58,LG
2024,5,9,2005,5,360,0,360,pi,4,58,LG
2024,5,9,2025,5,357,0,357,pi,4,58,LG
2024,5,9,2140,6,45,6,39,pi,4,58,LG
2024,5,9,2215,6,26,4,22,pi,4,58,LG
2024,5,9,2230,6,22,2,20,pi,4,58,LG
2024,5,9,2345,6,16,1,15,pi,4,58,LG
2024,5,10,130,1,8,1,7,pi,4,58,LG
2024,5,10,145,1,7,6,1,pi,4,58,LG
2024,5,10,155,1,3,2,1,pi,4,58,LG
2024,5,10,450,1,1,1,0,pi,4,58,LG
2024,5,10,755,2,133,0,133,pi,4,58,LG
2024,5,10,810,2,93,1,92,pi,4,58,LG
2024,5,10,935,2,12,0,12,pi,4,58,LG
2024,5,10,1040,2,11,0,11,pi,4,58,LG
2024,5,10,1135,3,11,0,11,pi,4,58,LG
2024,5,10,1140,3,9,0,9,pi,4,58,LG
2024,5,10,1200,3,16,1,15,pi,4,58,LG
2024,5,10,1220,3,76,0,76,pi,4,58,LG
2024,5,10,1405,4,532,0,532,pi,4,58,LG
2024,5,10,1440,4,495,1,494,pi,4,58,LG
2024,5,10,1520,4,582,0,582,pi,4,58,LG
2024,5,10,1625,4,567,0,567,pi,4,58,LG
2024,5,10,1740,5,477,3,474,pi,4,58,LG
2024,5,10,1835,5,607,0,607,pi,4,58,LG
2024,5,10,1840,5,695,0,695,pi,4,58,LG
2024,5,10,1915,5,507,0,507,pi,4,58,LG
2024,5,10,2115,6,106,7,99,pi,4,58,LG
2024,5,10,2215,6,98,6,92,pi,4,58,LG
2024,5,10,2250,6,48,12,36,pi,4,58,LG
2024,5,10,2305,6,39,3,36,pi,4,58,LG
2024,5,11,145,1,11,3,8,pi,4,58,DD
2024,5,11,355,1,11,0,11,pi,4,58,DD
2024,5,11,410,1,9,4,5,pi,4,58,DD
2024,5,11,435,1,6,1,5,pi,4,58,DD
2024,5,11,550,2,152,5,147,PI,4,58,DD
2024,5,11,715,2,373,0,373,PI,4,58,DD
2024,5,11,755,2,109,0,109,PI,4,58,DD
2024,5,11,1040,2,88,1,87,PI,4,58,DD
2024,5,11,1045,3,55,1,54,PI,4,58,DD
2024,5,11,1135,3,375,0,375,PI,4,58,DD
2024,5,11,1200,3,365,0,365,pi,4,58,DD
2024,5,11,1235,3,661,1,660,pi,4,58,DD
2024,5,11,1410,4,528,6,522,pi,4,58,DD
2024,5,11,1505,4,474,2,472,pi,4,58,DD
2024,5,11,1520,4,533,1,532,pi,4,58,DD
2024,5,11,1555,4,695,1,694,PI,4,58,DD
2024,5,11,1810,5,413,4,409,pi,4,58,DD
2024,5,11,1935,5,461,0,461,pi,4,58,DD
2024,5,11,1955,5,480,0,480,pi,4,58,DD
2024,5,11,2000,5,464,4,460,pi,4,58,DD
2024,5,11,2125,6,67,5,62,pi,4,58,DD
2024,5,11,2150,6,43,5,38,pi,4,58,DD
2024,5,11,2335,6,3,2,1,pi,4,58,DD
2024,5,11,2340,6,6,2,4,pi,4,58,DD
2024,5,12,0,1,14,3,11,pi,4,58,DD
2024,5,12,145,1,3,0,3,pi,4,58,DD
2024,5,12,320,1,2,1,1,pi,4,58,DD
2024,5,12,435,1,3,4,-1,pi,4,58,DD
2024,5,12,835,2,18,0,18,pi,4,58,DD
2024,5,12,945,2,5,1,4,pi,4,58,DD
2024,5,12,1005,2,4,0,4,pi,4,58,DD
2024,5,12,1040,2,6,0,6,pi,4,58,DD
2024,5,12,1125,3,10,0,10,pi,4,58,DD
2024,5,12,1225,3,294,0,294,pi,4,58,LG
2024,5,12,1235,3,387,3,384,pi,4,58,LG
2024,5,12,1255,3,594,0,594,pi,4,58,LG
2024,5,12,1355,4,504,2,502,pi,4,58,LG
2024,5,12,1445,4,315,2,313,pi,4,58,LG
2024,5,12,1450,4,351,1,350,pi,4,58,LG
2024,5,12,1500,4,528,0,528,pi,4,58,LG
2024,5,12,1720,5,561,1,560,pi,4,58,LG
2024,5,12,1730,5,504,5,499,pi,4,58,LG
2024,5,12,1755,5,393,3,390,pi,4,58,LG
2024,5,12,1910,5,537,0,537,pi,4,58,LG
2024,5,12,2120,6,114,4,110,pi,4,58,LG
2024,5,12,2135,6,47,2,45,pi,4,58,LG
2024,5,12,2200,6,18,4,14,pi,4,58,LG
2024,5,12,2340,6,8,1,7,pi,4,58,LG
2024,5,13,35,1,8,1,7,pi,4,58,DD
2024,5,13,55,1,4,0,4,pi,4,58,DD
2024,5,13,240,1,3,3,0,pi,4,58,DD
2024,5,13,420,1,3,3,0,pi,4,58,DD
2024,5,13,535,2,40,0,40,pi,4,58,DD
2024,5,13,725,2,150,1,149,pi,4,58,DD
2024,5,13,845,2,14,0,14,pi,4,58,DD
2024,5,13,940,2,46,2,44,pi,4,58,DD
2024,5,13,1145,3,127,0,127,pi,4,58,DD
2024,5,13,1150,3,181,1,180,pi,4,58,DD
2024,5,13,1320,3,432,4,428,pi,4,58,DD
2024,5,13,1335,3,572,0,572,pi,4,58,DD
2024,5,13,1445,4,424,3,421,pi,4,58,DD
2024,5,13,1530,4,408,2,406,pi,4,58,DD
2024,5,13,1535,4,348,1,347,pi,4,58,DD
2024,5,13,1635,4,247,0,247,pi,4,58,DD
2024,5,13,1810,5,387,2,385,pi,4,58,DD
2024,5,13,1835,5,349,2,347,pi,4,58,DD
2024,5,13,1935,5,681,0,681,pi,4,58,DD
2024,5,13,2000,5,557,1,556,pi,4,58,DD
2024,5,13,2105,6,261,3,258,pi,4,58,DD
2024,5,13,2115,6,117,2,115,pi,4,58,DD
2024,5,13,2155,6,32,3,29,pi,4,58,DD
2024,5,13,2235,6,11,1,10,pi,4,58,DD
2024,5,14,40,1,8,2,6,pi,4,58,DD
2024,5,14,230,1,2,1,1,pi,4,58,DD
2024,5,14,320,1,3,0,3,pi,4,58,DD
2024,5,14,450,1,3,0,3,pi,4,58,DD
2024,5,14,550,2,146,2,144,pi,4,58,DD
2024,5,14,610,2,50,0,50,pi,4,58,DD
2024,5,14,750,2,88,0,88,pi,4,58,DD
2024,5,14,800,2,52,1,51,pi,4,58,DD
2024,5,14,1100,3,240,0,240,pi,4,58,DD
2024,5,14,1115,3,509,2,507,pi,4,58,DD
2024,5,14,1240,3,518,0,518,pi,4,58,LG
2024,5,14,1315,3,650,0,650,pi,4,58,LG
2024,5,14,1415,4,416,0,416,pi,4,58,LG
2024,5,14,1445,4,339,3,336,pi,4,58,LG
2024,5,14,1530,4,483,2,481,pi,4,58,LG
2024,5,14,1550,4,591,0,591,pi,4,58,LG
2024,5,14,1655,5,343,2,341,pi,4,58,LG
2024,5,14,1705,5,307,2,305,pi,4,58,LG
2024,5,14,1755,5,333,0,333,pi,4,58,LG
2024,5,14,2010,5,522,0,522,pi,4,58,LG
2024,5,14,2110,6,167,0,167,pi,4,58,LG
2024,5,14,2250,6,17,0,17,pi,4,58,LG
2024,5,14,2320,6,14,9,5,pi,4,58,LG
2024,5,14,2345,6,13,7,6,pi,4,58,LG
2024,5,15,115,1,8,5,3,pi,4,58,LG
2024,5,15,135,1,6,2,4,pi,4,58,LG
2024,5,15,250,1,6,5,1,pi,4,58,LG
2024,5,15,415,1,5,5,0,pi,4,58,LG
2024,5,15,625,2,184,1,183,pi,4,58,LG
2024,5,15,630,2,331,1,330,pi,4,58,LG
2024,5,15,740,2,192,0,192,pi,4,58,LG
2024,5,15,800,2,148,1,147,pi,4,58,LG
2024,5,15,1130,3,503,2,501,pi,4,58,LG
2024,5,15,1210,3,509,0,509,pi,4,58,LG
2024,5,15,1220,3,485,0,485,pi,4,58,LG
2024,5,15,1315,3,562,0,562,pi,4,58,LG
2024,5,15,1400,4,436,0,436,pi,4,58,LG
2024,5,15,1425,4,512,1,511,pi,4,58,LG
2024,5,15,1430,4,399,0,399,pi,4,58,LG
2024,5,15,1625,4,396,1,395,pi,4,58,LG
2024,5,15,1725,5,332,0,332,pi,4,58,LG
2024,5,15,1740,5,336,1,335,pi,4,58,LG
2024,5,15,1810,5,318,0,318,pi,4,58,DD
2024,5,15,1820,5,353,1,352,pi,4,58,DD
2024,5,15,2115,6,113,2,111,pi,4,58,DD
2024,5,15,2140,6,61,4,57,pi,4,58,DD
2024,5,15,2240,6,37,5,32,pi,4,58,DD
2024,5,15,2245,6,48,3,45,pi,4,58,DD
2024,5,16,130,1,12,3,9,pi,4,58,DD
2024,5,16,155,1,8,9,-1,pi,4,58,DD
2024,5,16,320,1,17,5,12,pi,4,58,DD
2024,5,16,400,1,8,0,8,pi,4,58,DD
2024,5,16,830,2,90,3,87,pi,4,58,DD
2024,5,16,905,2,99,0,99,pi,4,58,DD
2024,5,16,950,2,37,0,37,pi,4,58,DD
2024,5,16,1015,2,42,0,42,pi,4,58,DD
2024,5,16,1140,3,56,0,56,pi,4,58,DD
2024,5,16,1150,3,532,0,532,pi,4,58,DD
2024,5,16,1155,3,567,0,567,pi,4,58,DD
2024,5,16,1315,3,771,771,771,pi,4,58,DD
2024,5,16,1530,4,638,0,638,pi,4,58,DD
2024,5,16,1535,4,521,2,519,pi,4,58,DD
2024,5,16,1550,4,544,0,544,pi,4,58,DD
2024,5,16,1620,4,602,0,602,pi,4,58,DD
2024,5,16,1655,5,581,1,580,pi,4,58,DD
2024,5,16,1710,5,612,3,609,pi,4,58,DD
2024,5,16,1930,5,600,1,599,pi,4,58,DD
2024,5,16,2005,5,499,2,497,pi,4,58,DD
2024,5,16,2135,6,96,4,92,pi,4,58,DD
2024,5,16,2150,6,71,6,65,pi,4,58,DD
2024,5,16,2220,6,52,3,49,pi,4,58,DD
2024,5,16,2250,6,91,6,85,pi,4,58,DD
2024,5,17,115,1,55,13,42,pi,4,58,DD
2024,5,17,155,1,40,28,12,pi,4,58,DD
2024,5,17,325,1,21,9,12,pi,4,58,DD
2024,5,17,450,1,13,4,9,pi,4,58,DD
2024,5,17,515,2,55,11,44,pi,4,58,DD
2024,5,17,715,2,400,0,400,pi,4,58,DD
2024,5,17,720,2,406,0,406,pi,4,58,DD
2024,5,17,910,2,644,1,643,pi,4,58,DD
2024,5,17,1110,3,534,1,533,pi,4,58,DD
2024,5,17,1115,3,433,0,433,pi,4,58,DD
2024,5,17,1145,3,663,0,663,pi,4,58,LG
2024,5,17,1305,3,515,0,515,pi,4,58,LG
2024,5,17,1350,4,495,1,494,pi,4,58,LG
2024,5,17,1355,4,535,0,535,pi,4,58,LG
2024,5,17,1430,4,601,0,601,pi,4,58,LG
2024,5,17,1620,4,466,0,466,pi,4,58,LG
2024,5,17,1800,5,548,1,547,pi,4,58,LG
2024,5,17,1825,5,549,0,549,pi,4,58,LG
2024,5,17,1835,5,511,0,511,pi,4,58,LG
2024,5,17,1950,5,430,0,430,pi,4,58,LG
2024,5,17,2155,6,66,9,57,pi,4,58,LG
2024,5,17,2200,6,60,14,46,pi,4,58,LG
2024,5,17,2300,6,54,36,18,pi,4,58,LG
2024,5,17,2350,6,46,38,8,pi,4,58,LG
2024,5,18,150,1,43,36,-7,pi,4,58,LG
2024,5,18,225,1,12,11,-1,pi,4,58,LG
2024,5,18,330,1,15,7,8,pi,4,58,LG
2024,5,18,350,1,6,5,1,pi,4,58,LG
2024,5,18,520,2,38,0,38,pi,4,58,LG
2024,5,18,540,2,261,1,260,pi,4,58,LG
2024,5,18,635,2,449,0,449,pi,4,58,LG
2024,5,18,905,2,318,1,317,pi,4,58,LG
2024,5,18,1140,3,650,0,650,pi,4,58,LG
2024,5,18,1315,3,595,0,595,pi,4,58,LG
2024,5,18,1330,3,529,0,529,pi,4,58,LG
2024,5,18,1335,3,518,1,517,pi,4,58,LG
2024,5,18,1345,4,583,0,583,pi,4,58,LG
2024,5,18,1520,4,475,2,473,pi,4,58,LG
2024,5,18,1555,4,446,3,443,pi,4,58,LG
2024,5,18,1630,4,504,0,504,pi,4,58,LG
2024,5,18,1725,5,523,2,521,pi,4,58,LG
2024,5,18,1810,5,450,0,450,pi,4,58,LG
2024,5,18,1915,5,612,0,612,pi,4,58,LG
2024,5,18,2000,5,487,0,487,pi,4,58,LG
2024,5,18,2110,6,171,0,171,pi,4,58,LG
2024,5,18,2115,6,150,0,150,pi,4,58,LG
2024,5,18,2320,6,25,3,22,pi,4,58,LG
2024,5,18,2350,6,26,6,20,pi,4,58,LG
2024,5,19,50,1,27,7,20,pi,4,58,LG
2024,5,19,125,1,11,5,6,pi,4,58,LG
2024,5,19,310,1,12,2,10,pi,4,58,LG
2024,5,19,450,1,6,1,5,pi,4,58,LG
2024,5,19,710,2,331,0,331,pi,4,58,LG
2024,5,19,800,2,113,1,112,pi,4,58,LG
2024,5,19,820,2,57,1,56,pi,4,58,LG
2024,5,19,1025,2,9,0,9,pi,4,58,LG
2024,5,19,1145,3,42,2,40,pi,4,58,LG
2024,5,19,1235,3,593,0,593,pi,4,58,LG
2024,5,19,1240,3,549,1,548,pi,4,58,LG
2024,5,19,1325,3,751,2,749,pi,4,58,LG
2024,5,19,1425,4,692,0,692,pi,4,58,LG
2024,5,19,1500,4,630,1,629,pi,4,58,LG
2024,5,19,1555,4,558,3,555,pi,4,58,LG
2024,5,19,1640,4,187,3,184,pi,4,58,LG
2024,5,19,1650,5,299,1,298,pi,4,58,LG
2024,5,19,1715,5,466,1,465,pi,4,58,LG
2024,5,19,1805,5,533,1,532,pi,4,58,LG
2024,5,19,1850,5,685,0,685,pi,4,58,LG
2024,5,19,2120,6,64,3,61,pi,4,58,LG
2024,5,19,2135,6,29,1,28,pi,4,58,LG
2024,5,19,2300,6,6,2,4,pi,4,58,LG
2024,5,19,2340,6,4,0,4,pi,4,58,LG
2024,5,20,20,1,9,1,8,pi,4,58,LG
2024,5,20,210,1,9,0,9,pi,4,58,LG
2024,5,20,235,1,3,0,3,pi,4,58,LG
2024,5,20,330,1,8,1,7,pi,4,58,LG
2024,5,20,505,2,3,0,3,pi,4,58,LG
2024,5,20,620,2,109,0,109,pi,4,58,LG
2024,5,20,755,2,79,1,78,pi,4,58,LG
2024,5,20,1010,2,1,0,1,pi,4,58,LG
2024,5,20,1145,3,133,0,133,pi,4,58,LG
2024,5,20,1210,3,454,0,454,pi,4,58,LG
2024,5,20,1230,3,471,0,471,pi,4,58,LG
2024,5,20,1315,3,458,0,458,pi,4,58,LG
2024,5,20,1440,4,287,0,287,pi,4,58,LG
2024,5,20,1525,4,493,0,493,pi,4,58,LG
2024,5,20,1605,4,373,6,367,pi,4,58,LG
2024,5,20,1615,4,271,3,268,pi,4,58,LG
2024,5,20,1650,5,168,5,163,pi,4,58,LG
2024,5,20,1740,5,151,1,150,pi,4,58,LG
2024,5,20,1840,5,47,0,47,pi,4,58,LG
2024,5,20,2055,5,286,0,286,pi,4,58,LG
2024,5,20,2125,6,65,1,64,pi,4,58,LG
2024,5,20,2215,6,8,0,8,pi,4,58,LG
2024,5,20,2305,6,9,9,0,pi,4,58,LG
2024,5,20,2345,6,7,11,-4,pi,4,58,LG
2024,5,21,5,1,3,0,3,pi,4,58,LG
2024,5,21,105,1,10,0,10,pi,4,58,LG
2024,5,21,210,1,16,0,16,pi,4,58,LG
2024,5,21,240,1,22,0,22,pi,4,58,LG
2024,5,21,510,2,18,0,18,pi,4,58,LG
2024,5,21,735,2,190,1,189,pi,4,58,LG
2024,5,21,945,2,10,0,10,pi,4,58,LG
2024,5,21,1000,2,15,1,14,pi,4,58,LG
2024,5,21,1105,3,9,0,9,pi,4,58,LG
2024,5,21,1110,3,12,0,12,pi,4,58,LG
2024,5,21,1215,3,46,0,46,pi,4,58,LG
2024,5,21,1305,3,397,1,396,pi,4,58,LG
2024,5,21,1430,4,269,0,269,pi,4,58,LG
2024,5,21,1505,4,150,0,150,pi,4,58,LG
2024,5,21,1630,4,175,1,174,pi,4,58,LG
2024,5,21,1635,4,154,0,154,pi,4,58,LG
2024,5,21,1655,5,159,0,159,pi,4,58,LG
2024,5,21,1900,5,44,1,43,pi,4,58,LG
2024,5,21,1915,5,86,5,81,pi,4,58,LG
2024,5,21,1940,5,347,1,346,pi,4,58,LG
2024,5,21,2130,6,55,3,52,pi,4,58,LG
2024,5,21,2205,6,16,1,15,pi,4,58,LG
2024,5,21,2335,6,15,0,15,pi,4,58,LG
2024,5,21,2350,6,12,0,12,pi,4,58,LG
2024,5,22,125,1,5,0,5,pi,4,58,DD
2024,5,22,210,1,5,1,4,pi,4,58,DD
2024,5,22,225,1,5,2,3,pi,4,58,DD
2024,5,22,400,1,4,1,3,pi,4,58,DD
2024,5,22,505,2,9,0,9,pi,4,58,DD
2024,5,22,535,2,71,1,70,pi,4,58,DD
2024,5,22,710,2,60,1,59,pi,4,58,DD
2024,5,22,930,2,31,0,31,pi,4,58,DD
2024,5,22,1135,3,56,0,56,pi,4,58,DD
2024,5,22,1220,3,250,0,250,pi,4,58,DD
2024,5,22,1235,3,257,1,256,pi,4,58,DD
2024,5,22,1315,3,301,1,300,pi,4,58,DD
2024,5,22,1350,4,308,2,306,pi,4,58,DD
2024,5,22,1435,4,276,2,265,pi,4,58,DD
2024,5,22,1615,4,242,4,238,pi,4,58,DD
2024,5,22,1625,4,276,3,273,pi,4,58,DD
2024,5,22,1725,5,260,3,257,pi,4,58,DD
2024,5,22,1835,5,268,0,268,pi,4,58,LG
2024,5,22,1930,5,364,0,364,pi,4,58,LG
2024,5,22,2055,5,411,0,411,pi,4,58,LG
2024,5,22,2200,6,33,3,30,pi,4,58,LG
2024,5,22,2235,6,28,1,27,pi,4,58,LG
2024,5,22,2245,6,21,1,20,pi,4,58,LG
2024,5,22,2340,6,5,0,5,pi,4,58,LG
2024,5,23,20,1,8,1,7,pi,4,58,LG
2024,5,23,115,1,2,1,1,pi,4,58,LG
2024,5,23,210,1,1,1,0,pi,4,58,LG
2024,5,23,430,1,2,0,2,pi,4,58,LG
2024,5,23,625,2,427,0,427,pi,4,58,LG
2024,5,23,730,2,152,0,152,pi,4,58,LG
2024,5,23,825,2,83,1,82,pi,4,58,LG
2024,5,23,905,2,7,0,7,pi,4,58,LG
2024,5,23,1045,3,28,0,28,pi,4,58,LG
2024,5,23,1105,3,10,0,10,pi,4,58,LG
2024,5,23,1135,3,28,0,28,pi,4,58,LG
2024,5,23,1335,3,445,0,445,pi,4,58,LG
2024,5,23,1435,4,138,0,138,pi,4,58,LG
2024,5,23,1455,4,552,0,552,pi,4,58,LG
2024,5,23,1535,4,496,0,496,pi,4,58,LG
2024,5,23,1555,4,338,0,338,pi,4,58,LG
2024,5,23,1650,5,186,1,185,pi,4,58,LG
2024,5,23,1725,5,472,0,472,pi,4,58,LG
2024,5,23,1810,5,580,1,579,pi,4,58,LG
2024,5,23,1835,5,393,0,393,pi,4,58,LG
2024,5,23,2200,6,63,4,59,pi,4,58,LG
2024,5,23,2225,6,34,0,34,pi,4,58,LG
2024,5,23,2245,6,14,2,12,pi,4,58,LG
2024,5,23,2355,6,10,27,-17,pi,4,58,LG
2024,5,24,15,1,15,2,13,pi,4,58,LG
2024,5,24,225,1,14,7,7,pi,4,58,LG
2024,5,24,300,1,14,1,13,pi,4,58,LG
2024,5,24,450,1,10,1,9,pi,4,58,LG
2024,5,24,640,2,171,0,171,pi,4,58,LG
2024,5,24,720,2,139,0,139,pi,4,58,LG
2024,5,24,740,2,65,0,65,pi,4,58,LG
2024,5,24,920,2,53,1,52,pi,4,58,LG
2024,5,24,1120,3,29,0,29,pi,4,58,LG
2024,5,24,1130,3,25,0,25,pi,4,58,DD
2024,5,24,1245,3,325,1,324,pi,4,58,DD
2024,5,24,1320,3,452,0,452,pi,4,58,DD
2024,5,24,1410,4,355,1,354,pi,4,58,DD
2024,5,24,1430,4,346,3,343,pi,4,58,DD
2024,5,24,1500,4,319,1,318,pi,4,58,DD
2024,5,24,1525,4,320,0,320,pi,4,58,DD
2024,5,24,1735,5,319,2,317,pi,4,58,DD
2024,5,24,1900,5,391,0,391,pi,4,58,DD
2024,5,24,1925,5,378,2,376,pi,4,58,DD
2024,5,24,2045,5,341,1,340,pi,4,58,DD
2024,5,24,2110,6,218,1,217,pi,4,58,DD
2024,5,24,2230,6,2,3,-1,pi,4,58,DD
2024,5,24,2315,6,6,3,3,pi,4,58,DD
2024,5,24,2325,6,3,1,2,pi,4,58,DD
2024,5,25,150,1,4,4,0,pi,4,58,DD
2024,5,25,155,1,1,1,0,pi,4,58,DD
2024,5,25,225,1,9,16,-7,pi,4,58,DD
2024,5,25,335,1,1,1,0,pi,4,58,DD
2024,5,25,600,2,110,2,108,pi,4,58,DD
2024,5,25,645,2,96,0,96,pi,4,58,DD
2024,5,25,755,2,16,0,16,pi,4,58,DD
2024,5,25,920,2,4,0,4,pi,4,58,DD
2024,5,25,1115,3,87,1,86,pi,4,58,DD
2024,5,25,1125,3,84,3,81,pi,4,58,DD
2024,5,25,1205,3,99,0,99,pi,4,58,DD
2024,5,25,1245,3,126,0,126,pi,4,58,DD
2024,5,25,1355,4,157,0,157,pi,4,58,DD
2024,5,25,1500,4,40,0,40,pi,4,58,DD
2024,5,25,1515,4,42,1,41,pi,4,58,DD
2024,5,25,1520,4,43,0,43,pi,4,58,DD
2024,5,25,1700,5,53,4,49,pi,4,58,DD
2024,5,25,1710,5,22,0,22,pi,4,58,DD
2024,5,25,1825,5,392,1,391,pi,4,58,DD
2024,5,25,2020,5,380,1,379,pi,4,58,DD
2024,5,25,2110,6,228,4,224,pi,4,58,DD
2024,5,25,2240,6,11,0,11,pi,4,58,DD
2024,5,25,2250,6,8,3,5,pi,4,58,DD
2024,5,25,2315,6,4,3,1,pi,4,58,DD
2024,5,26,50,1,3,3,0,pi,4,58,LG
2024,5,26,105,1,2,1,1,pi,4,58,LG
2024,5,26,110,1,4,3,1,pi,4,58,LG
2024,5,26,130,1,2,6,4,pi,4,58,LG
2024,5,26,525,2,30,1,29,pi,4,58,LG
2024,5,26,840,2,14,0,14,pi,4,58,LG
2024,5,26,850,2,9,1,8,pi,4,58,LG
2024,5,26,1005,2,37,0,37,pi,4,58,LG
2024,5,26,1135,3,143,2,141,pi,4,58,LG
2024,5,26,1205,3,229,0,229,pi,4,58,LG
2024,5,26,1235,3,127,0,127,pi,4,58,LG
2024,5,26,1325,3,62,0,62,pi,4,58,LG
2024,5,26,1525,4,63,2,61,pi,4,58,LG
2024,5,26,1530,4,34,0,34,pi,4,58,LG
2024,5,26,1555,4,31,0,31,pi,4,58,LG
2024,5,26,1615,4,123,0,123,pi,4,58,LG
2024,5,26,1925,5,205,0,205,pi,4,58,LG
2024,5,26,2000,5,551,0,551,pi,4,58,LG
2024,5,26,2020,5,412,0,412,pi,4,58,LG
2024,5,26,2040,5,297,0,297,pi,4,58,LG
2024,5,26,2150,6,37,4,33,pi,4,58,LG
2024,5,26,2255,6,4,0,4,pi,4,58,LG
2024,5,26,2330,6,2,0,2,pi,4,58,LG
2024,5,26,2340,6,7,2,5,pi,4,58,LG
2024,5,27,155,1,6,1,5,pi,4,58,DD
2024,5,27,220,1,2,0,2,pi,4,58,DD
2024,5,27,305,1,3,0,3,pi,4,58,DD
2024,5,27,430,1,4,0,4,pi,4,58,DD
2024,5,27,540,2,62,1,61,pi,4,58,DD
2024,5,27,710,2,47,3,44,pi,4,58,DD
2024,5,27,750,2,36,0,36,pi,4,58,DD
2024,5,27,1005,2,14,0,14,pi,4,58,DD
2024,5,27,1055,3,12,1,11,pi,4,58,DD
2024,5,27,1155,3,93,0,93,pi,4,58,DD
2024,5,27,1250,3,87,1,86,pi,4,58,DD
2024,5,27,1320,3,160,0,160,pi,4,58,DD
2024,5,27,1405,4,231,2,229,pi,4,58,DD
2024,5,27,1425,4,326,2,324,pi,4,58,DD
2024,5,27,1545,4,28,0,28,pi,4,58,DD
2024,5,27,1605,4,64,0,64,pi,4,58,DD
2024,5,27,1700,5,20,1,19,pi,4,58,DD
2024,5,27,1725,5,37,0,37,pi,4,58,DD
2024,5,27,1845,5,93,0,93,pi,4,58,DD
2024,5,27,2010,5,317,2,315,pi,4,58,DD
2024,5,27,2105,6,204,2,202,pi,4,58,DD
2024,5,27,2240,6,4,0,4,pi,4,58,DD
2024,5,27,2305,6,4,1,3,pi,4,58,DD
2024,5,27,2340,6,2,0,2,pi,4,58,DD
2024,5,28,100,1,1,0,1,pi,4,58,LG
2024,5,28,120,1,2,0,2,pi,4,58,LG
2024,5,28,315,1,3,0,3,pi,4,58,LG
2024,5,28,415,1,4,0,4,pi,4,58,LG
2024,5,28,515,2,13,0,13,pi,4,58,LG
2024,5,28,550,2,52,0,52,pi,4,58,LG
2024,5,28,650,2,131,0,131,pi,4,58,LG
2024,5,28,950,2,12,0,12,pi,4,58,LG
2024,5,28,1125,3,5,0,5,pi,4,58,LG
2024,5,28,1225,3,28,0,28,pi,4,58,LG
2024,5,28,1300,3,38,0,38,pi,4,58,LG
2024,5,28,1340,3,39,0,39,pi,4,58,LG
2024,5,28,1345,4,28,0,28,pi,4,58,LG
2024,5,28,1445,4,51,0,51,pi,4,58,LG
2024,5,28,1455,4,114,0,114,pi,4,58,LG
2024,5,28,1525,4,18,0,18,pi,4,58,LG
2024,5,28,1740,5,9,0,9,pi,4,58,LG
2024,5,28,1810,5,13,0,13,pi,4,58,LG
2024,5,28,1935,5,6,0,6,pi,4,58,LG
2024,5,28,2035,5,122,0,122,pi,4,58,LG
2024,5,28,2120,6,92,0,92,pi,4,58,LG
2024,5,28,2200,6,19,1,18,pi,4,58,LG
2024,5,28,2225,6,19,1,18,pi,4,58,LG
2024,5,28,2350,6,18,0,18,pi,4,58,LG
2024,5,29,5,1,5,0,5,pi,4,58,DD
2024,5,29,20,1,12,3,9,pi,4,58,DD
2024,5,29,25,1,7,0,7,pi,4,58,DD
2024,5,29,40,1,6,0,6,pi,4,58,DD
2024,5,29,625,2,42,3,39,pi,4,58,DD
2024,5,29,825,2,22,0,22,pi,4,58,DD
2024,5,29,910,2,17,0,17,pi,4,58,DD
2024,5,29,940,2,3,0,3,pi,4,58,DD
2024,5,29,1055,3,7,0,7,pi,4,58,DD
2024,5,29,1135,3,1,0,1,pi,4,58,DD
2024,5,29,1140,3,2,0,2,pi,4,58,DD
2024,5,29,1305,3,1,0,1,pi,4,58,DD
2024,5,29,1435,4,17,0,17,pi,4,58,DD
2024,5,29,1500,4,7,0,7,pi,4,58,DD
2024,5,29,1600,4,15,0,15,pi,4,58,DD
2024,5,29,1635,4,20,0,20,pi,4,58,DD
2024,5,29,1650,5,30,0,30,pi,4,58,DD
2024,5,29,1700,5,48,0,48,pi,4,58,DD
2024,5,29,1755,5,68,1,67,pi,4,58,DD
2024,5,29,2045,5,142,0,142,pi,4,58,DD
2024,5,29,2130,6,37,1,36,pi,4,58,DD
2024,5,29,2220,6,14,0,14,pi,4,58,DD
2024,5,29,2245,6,5,0,5,pi,4,58,DD
2024,5,29,2340,6,4,1,3,pi,4,58,DD
2024,5,30,130,1,2,1,1,pi,4,58,DD
2024,5,30,205,1,3,0,3,pi,4,58,DD
2024,5,30,345,1,2,0,2,pi,4,58,DD
2024,5,30,400,1,4,0,4,pi,4,58,DD
2024,5,30,620,2,92,0,92,pi,4,58,DD
2024,5,30,625,2,103,0,103,pi,4,58,DD
2024,5,30,755,2,21,0,21,pi,4,58,DD
2024,5,30,940,2,9,0,9,pi,4,58,DD
2024,5,30,1210,3,17,0,17,pi,4,58,DD
2024,5,30,1255,3,20,0,20,pi,4,58,DD
2024,5,30,1310,3,26,0,26,pi,4,58,DD
2024,5,30,1335,3,40,1,39,pi,4,58,DD
2024,5,30,1405,4,32,0,32,pi,4,58,DD
2024,5,30,1510,4,26,0,26,pi,4,58,DD
2024,5,30,1525,4,20,0,20,pi,4,58,DD
2024,5,30,1620,4,20,0,20,pi,4,58,DD
2024,5,30,1725,5,11,0,11,pi,4,58,DD
2024,5,30,1850,5,80,1,79,pi,4,58,DD
2024,5,30,1910,5,92,0,92,pi,4,58,LG
2024,5,30,2045,5,295,0,295,pi,4,58,LG
2024,5,30,2115,6,122,2,120,pi,4,58,LG
2024,5,30,2155,6,15,1,14,pi,4,58,LG
2024,5,30,2235,6,9,0,9,pi,4,58,LG
2024,5,30,2315,6,4,1,3,pi,4,58,LG
2024,5,31,200,1,5,2,3,pi,4,58,LG
2024,5,31,315,1,6,0,6,pi,4,58,LG
2024,5,31,405,1,5,1,4,pi,4,58,LG
2024,5,31,445,1,12,1,11,pi,4,58,LG
2024,5,31,705,2,120,0,120,pi,4,58,LG
2024,5,31,1000,2,3,0,3,pi,4,58,LG
2024,5,31,1010,2,5,1,4,pi,4,58,LG
2024,5,31,1035,2,9,0,9,pi,4,58,LG
2024,5,31,1115,3,4,0,4,pi,4,58,LG
2024,5,31,1240,3,11,0,11,pi,4,58,LG
2024,5,31,1320,3,36,0,36,pi,4,58,LG
2024,5,31,1340,3,42,0,42,pi,4,58,LG
2024,5,31,1405,4,113,0,113,pi,4,58,LG
2024,5,31,1415,4,182,0,182,pi,4,58,LG
2024,5,31,1425,4,180,0,180,pi,4,58,LG
2024,5,31,1450,4,77,0,77,pi,4,58,LG
2024,5,31,1725,5,45,0,45,pi,4,58,LG
2024,5,31,1900,5,329,0,329,pi,4,58,LG
2024,5,31,1910,5,187,0,187,pi,4,58,LG
2024,5,31,1950,5,288,0,288,pi,4,58,LG
2024,5,31,2140,6,56,2,54,pi,4,58,LG
2024,5,31,2255,6,5,0,5,pi,4,58,LG
2024,5,31,2315,6,4,0,4,pi,4,58,LG
2024,5,31,2320,6,6,1,5,pi,4,58,LG
2024,6,1,40,1,4,1,3,pi,4,58,DD
2024,6,1,140,1,4,0,4,pi,4,58,DD
2024,6,1,240,1,7,1,6,pi,4,58,DD
2024,6,1,450,1,6,1,5,pi,4,58,DD
2024,6,1,530,2,96,3,93,pi,4,58,DD
2024,6,1,555,2,165,2,163,pi,4,58,DD
2024,6,1,655,2,72,0,72,pi,4,58,DD
2024,6,1,800,2,12,0,12,pi,4,58,DD
2024,6,1,1055,3,3,0,3,pi,4,58,DD
2024,6,1,1140,3,2,0,2,pi,4,58,DD
2024,6,1,1215,3,4,0,4,pi,4,58,DD
2024,6,1,1340,3,7,0,7,pi,4,58,DD
2024,6,1,1350,4,2,0,2,pi,4,58,DD
2024,6,1,1445,4,2,0,2,pi,4,58,DD
2024,6,1,1600,4,24,0,24,pi,4,58,DD
2024,6,1,1625,4,10,0,10,pi,4,58,DD
2024,6,1,1720,5,13,0,13,pi,4,58,DD
2024,6,1,1945,5,17,0,17,pi,4,58,DD
2024,6,1,1950,5,40,0,40,pi,4,58,DD
2024,6,1,2005,5,10,0,10,pi,4,58,DD
2024,6,1,2200,6,6,0,6,pi,4,58,DD
2024,6,1,2220,6,5,1,4,pi,4,58,DD
2024,6,1,2240,6,2,0,2,pi,4,58,DD
2024,6,1,2310,6,2,0,2,pi,4,58,DD
2024,6,2,55,1,2,0,2,pi,4,58,DD
2024,6,2,230,1,1,0,1,pi,4,58,DD
2024,6,2,320,1,2,0,2,pi,4,58,DD
2024,6,2,420,1,4,1,3,pi,4,58,DD
2024,6,2,550,2,52,2,50,pi,4,58,DD
2024,6,2,610,2,31,2,29,pi,4,58,DD
2024,6,2,640,2,56,0,56,pi,4,58,DD
2024,6,2,715,2,27,0,27,pi,4,58,DD
2024,6,2,1045,3,10,0,10,pi,4,58,DD
2024,6,2,1055,3,8,0,8,pi,4,58,DD
2024,6,2,1110,3,3,0,3,pi,4,58,DD
2024,6,2,1155,3,1,0,1,pi,4,58,DD
2024,6,2,1410,4,4,0,4,pi,4,58,DD
2024,6,2,1505,4,1,0,1,pi,4,58,DD
2024,6,2,1615,4,0,0,0,pi,4,58,DD
2024,6,2,1625,4,0,0,0,pi,4,58,DD
2024,6,2,1705,5,0,0,0,pi,4,58,DD
2024,6,2,1820,5,4,0,4,pi,4,58,DD
2024,6,2,1955,5,25,0,25,pi,4,58,DD
2024,6,2,2045,5,134,2,132,pi,4,58,DD
2024,6,2,2150,6,33,0,33,PI,4,58,DD
2024,6,2,2315,6,12,2,10,PI,4,58,DD
2024,6,2,2330,6,7,0,7,pi,4,58,DD
2024,6,2,2335,6,13,0,13,pi,4,58,DD
2024,6,3,35,1,3,0,3,pi,4,58,LG
2024,6,3,50,1,1,0,1,pi,4,58,LG
2024,6,3,335,1,0,0,0,pi,4,58,LG
2024,6,3,405,1,2,0,2,pi,4,58,LG
2024,6,3,830,2,2,0,2,pi,4,58,LG
2024,6,3,840,2,0,0,0,pi,4,58,LG
2024,6,3,900,2,6,0,6,pi,4,58,LG
2024,6,3,1020,2,35,0,35,pi,4,58,LG
2024,6,3,1045,3,13,0,13,pi,4,58,LG
2024,6,3,1055,3,14,0,14,pi,4,58,LG
2024,6,3,1235,3,5,1,4,pi,4,58,LG
2024,6,3,1310,3,3,0,3,pi,4,58,LG
2024,6,3,1350,4,3,0,3,pi,4,58,LG
2024,6,3,1430,4,4,0,4,pi,4,58,LG
2024,6,3,1540,4,2,0,2,pi,4,58,LG
2024,6,3,1550,4,4,0,4,pi,4,58,LG
2024,6,3,1740,5,1,0,1,pi,4,58,LG
2024,6,3,1955,5,10,0,10,pi,4,58,LG
2024,6,3,2000,5,9,1,8,pi,4,58,LG
2024,6,3,2005,5,10,0,10,pi,4,58,LG
2024,6,3,2145,6,8,2,6,pi,4,58,LG
2024,6,3,2155,6,6,0,6,pi,4,58,LG
2024,6,3,2240,6,1,0,1,pi,4,58,LG
2024,6,3,2250,6,0,0,0,pi,4,58,LG
2024,6,4,110,1,9,0,9,pi,4,58,DD
2024,6,4,140,1,14,0,14,pi,4,58,DD
2024,6,4,350,1,3,0,3,pi,4,58,DD
2024,6,4,425,1,7,1,6,pi,4,58,DD
2024,6,4,515,2,99,3,96,pi,4,58,DD
2024,6,4,835,2,46,0,46,pi,4,58,DD
2024,6,4,910,2,14,0,14,pi,4,58,DD
2024,6,4,925,2,11,0,11,pi,4,58,DD
2024,6,4,1105,3,14,0,14,pi,4,58,DD
2024,6,4,1130,3,13,0,13,pi,4,58,DD
2024,6,4,1150,3,11,0,11,pi,4,58,DD
2024,6,4,1250,3,7,0,7,pi,4,58,DD
2024,6,4,1350,4,18,0,18,pi,4,58,DD
2024,6,4,1455,4,56,0,56,pi,4,58,DD
2024,6,4,1525,4,150,0,150,pi,4,58,DD
2024,6,4,1630,4,51,0,51,pi,4,58,DD
2024,6,4,1650,5,24,2,22,pi,4,58,DD
2024,6,4,1935,5,37,0,37,pi,4,58,DD
2024,6,4,1945,5,58,0,58,pi,4,58,DD
2024,6,4,2030,5,82,0,82,pi,4,58,DD
2024,6,4,2130,6,41,0,41,pi,4,58,DD
2024,6,4,2140,6,21,2,19,pi,4,58,DD
2024,6,4,2215,6,13,0,13,pi,4,58,DD
2024,6,4,2235,6,10,0,10,pi,4,58,DD
2024,6,5,210,1,3,0,3,pi,4,58,DD
2024,6,5,215,1,3,0,3,pi,4,58,DD
2024,6,5,315,1,1,0,1,pi,4,58,DD
2024,6,5,355,1,6,0,6,pi,4,58,DD
2024,6,5,705,2,56,1,55,pi,4,58,DD
2024,6,5,755,2,11,0,11,pi,4,58,DD
2024,6,5,930,2,7,0,7,pi,4,58,DD
2024,6,5,1010,2,5,0,5,pi,4,58,DD
2024,6,5,1115,3,3,0,3,pi,4,58,DD
2024,6,5,1140,3,4,0,4,pi,4,58,DD
2024,6,5,1310,3,4,0,4,pi,4,58,DD
2024,6,5,1335,3,5,0,5,pi,4,58,DD
2024,6,5,1405,4,4,0,4,pi,4,58,DD
2024,6,5,1500,4,2,0,2,pi,4,58,DD
2024,6,5,1505,4,3,0,3,pi,4,58,DD
2024,6,5,1530,4,3,0,3,pi,4,58,DD
2024,6,5,1745,5,8,0,8,pi,4,58,DD
2024,6,5,1835,5,1,0,1,pi,4,58,DD
2024,6,5,1900,5,3,0,3,pi,4,58,DD
2024,6,5,2025,5,315,3,312,pi,4,58,DD
2024,6,5,2230,6,17,1,16,pi,4,58,DD
2024,6,5,2235,6,13,1,12,pi,4,58,DD
2024,6,5,2300,6,5,0,5,pi,4,58,DD
2024,6,5,2325,6,3,0,3,pi,4,58,DD
2024,6,6,140,1,7,2,5,pi,4,58,DD
2024,6,6,230,1,4,0,4,pi,4,58,DD
2024,6,6,255,1,2,0,2,pi,4,58,DD
2024,6,6,335,1,2,0,2,pi,4,58,DD
2024,6,6,530,2,166,1,165,pi,4,58,DD
2024,6,6,655,2,77,0,77,pi,4,58,DD
2024,6,6,800,2,4,0,4,pi,4,58,DD
2024,6,6,855,2,6,0,6,pi,4,58,DD
2024,6,6,1045,3,3,0,3,pi,4,58,DD
2024,6,6,1150,3,18,0,18,pi,4,58,DD
2024,6,6,1215,3,25,0,25,pi,4,58,DD
2024,6,6,1305,3,23,0,23,pi,4,58,DD
2024,6,6,1345,4,19,1,18,pi,4,58,DD
2024,6,6,1350,4,15,0,15,pi,4,58,DD
2024,6,6,1545,4,4,0,4,pi,4,58,DD
2024,6,6,1555,4,3,0,3,pi,4,58,DD
2024,6,6,1705,5,4,0,4,pi,4,58,DD
2024,6,6,1710,5,5,0,5,pi,4,58,DD
2024,6,6,1940,5,466,1,465,pi,4,58,DD
2024,6,6,2050,5,167,2,165,pi,4,58,DD
2024,6,6,2115,6,69,0,69,pi,4,58,DD
2024,6,6,2240,6,6,1,5,pi,4,58,DD
2024,6,6,2300,6,8,1,7,pi,4,58,DD
2024,6,6,2330,6,2,0,2,pi,4,58,DD
2024,6,7,40,1,2,0,2,pi,4,58,DD
2024,6,7,215,1,2,0,2,pi,4,58,DD
2024,6,7,305,1,4,0,4,pi,4,58,DD
2024,6,7,330,1,1,0,1,pi,4,58,DD
2024,6,7,610,2,75,1,74,pi,4,58,DD
2024,6,7,755,2,10,0,10,pi,4,58,DD
2024,6,7,825,2,7,0,7,pi,4,58,DD
2024,6,7,955,2,8,1,7,pi,4,58,DD
2024,6,7,1120,3,18,0,18,pi,4,58,DD
2024,6,7,1300,3,55,0,55,pi,4,58,LG
2024,6,7,1320,3,18,0,18,pi,4,58,LG
2024,6,7,1340,3,5,0,5,pi,4,58,LG
2024,6,7,1510,4,2,0,2,pi,4,58,LG
2024,6,7,1525,4,1,0,1,pi,4,58,LG
2024,6,7,1540,4,1,0,1,pi,4,58,LG
2024,6,7,1635,4,7,0,7,pi,4,58,LG
2024,6,7,1720,5,0,0,0,pi,4,58,LG
2024,6,7,1920,5,9,1,8,pi,4,58,LG
2024,6,7,1950,5,19,0,19,pi,4,58,LG
2024,6,7,2010,5,40,0,40,pi,4,58,LG
2024,6,7,2145,6,38,0,38,pi,4,58,LG
2024,6,7,2200,6,19,0,19,pi,4,58,LG
2024,6,7,2235,6,19,0,19,pi,4,58,LG
2024,6,7,2240,6,13,1,12,pi,4,58,LG
2024,6,8,250,1,5,0,5,pi,4,58,DD
2024,6,8,320,1,1,0,1,pi,4,58,DD
2024,6,8,330,1,3,0,3,pi,4,58,DD
2024,6,8,405,1,1,0,1,pi,4,58,DD
2024,6,8,625,2,24,1,23,pi,4,58,DD
2024,6,8,915,2,1,0,1,pi,4,58,DD
2024,6,8,1005,2,2,0,2,pi,4,58,DD
2024,6,8,1020,2,2,0,2,pi,4,58,DD
2024,6,8,1210,3,4,0,4,pi,4,58,DD
2024,6,8,1230,3,4,0,4,pi,4,58,DD
2024,6,8,1235,3,2,0,2,pi,4,58,DD
2024,6,8,1300,3,0,0,0,pi,4,58,DD
2024,6,8,1410,4,28,1,27,pi,4,58,DD
2024,6,8,1425,4,30,2,28,pi,4,58,DD
2024,6,8,1525,4,1,0,1,pi,4,58,DD
2024,6,8,1600,4,2,0,2,pi,4,58,DD
2024,6,8,1645,5,4,0,4,pi,4,58,DD
2024,6,8,1705,5,3,0,3,pi,4,58,DD
2024,6,8,1730,5,5,0,5,pi,4,58,DD
2024,6,8,1915,5,5,0,5,pi,4,58,DD
2024,6,8,2100,6,28,0,28,pi,4,58,DD
2024,6,8,2210,6,3,0,3,pi,4,58,DD
2024,6,8,2340,6,0,0,0,pi,4,58,DD
2024,6,8,2350,6,5,0,5,pi,4,58,DD
2024,6,9,50,1,3,0,3,pi,4,58,DD
2024,6,9,105,1,5,0,5,pi,4,58,DD
2024,6,9,150,1,3,0,3,pi,4,58,DD
2024,6,9,305,1,0,0,0,pi,4,58,DD
2024,6,9,710,2,14,0,14,pi,4,58,DD
2024,6,9,820,2,28,0,28,pi,4,58,DD
2024,6,9,920,2,6,0,6,pi,4,58,DD
2024,6,9,940,2,3,0,3,pi,4,58,DD
2024,6,9,1120,3,1,0,0,pi,4,58,DD
2024,6,9,1225,3,2,0,2,pi,4,58,DD
2024,6,9,1305,3,3,0,3,pi,4,58,DD
2024,6,9,1335,3,3,0,3,pi,4,58,DD
2024,6,9,1505,4,1,0,1,pi,4,58,DD
2024,6,9,1525,4,1,0,1,pi,4,58,DD
2024,6,9,1545,4,2,0,2,pi,4,58,DD
2024,6,9,1605,4,0,0,0,pi,4,58,DD
2024,6,9,1645,5,0,0,0,pi,4,58,DD
2024,6,9,1745,5,4,0,4,pi,4,58,DD
2024,6,9,1910,5,5,1,4,pi,4,58,DD
2024,6,9,2030,5,61,1,60,pi,4,58,DD
2024,6,9,2235,6,5,0,5,pi,4,58,DD
2024,6,9,2325,6,3,0,3,pi,4,58,DD
2024,6,9,2330,6,0,0,0,pi,4,58,DD
2024,6,9,2355,6,1,0,1,pi,4,58,DD
2024,6,10,410,1,1,0,1,pi,4,58,DD
2024,6,10,415,1,1,0,1,pi,4,58,DD
2024,6,10,430,1,0,0,0,pi,4,58,DD
2024,6,10,455,1,2,0,2,pi,4,58,DD
2024,6,10,825,2,3,0,3,pi,4,58,DD
2024,6,10,835,2,3,0,3,pi,4,58,DD
2024,6,10,905,2,4,0,4,pi,4,58,DD
2024,6,10,935,2,4,0,4,pi,4,58,DD
2024,6,10,1050,3,14,0,14,pi,4,58,DD
2024,6,10,1140,3,3,0,3,pi,4,58,DD
2024,6,10,1225,3,0,0,0,pi,4,58,DD
2024,6,10,1230,3,4,0,4,pi,4,58,DD
2024,6,10,1425,4,0,0,0,pi,4,58,DD
2024,6,10,1505,4,0,0,0,pi,4,58,DD
2024,6,10,1510,4,1,0,1,pi,4,58,DD
2024,6,10,1540,4,0,0,0,pi,4,58,DD
2024,6,10,1715,5,0,0,0,pi,4,58,DD
2024,6,10,1740,5,0,0,0,pi,4,58,DD
2024,6,10,2010,5,4,0,4,pi,4,58,DD
2024,6,10,2040,5,23,1,22,pi,4,58,DD
2024,6,10,2100,6,22,1,21,pi,4,58,DD
2024,6,10,2130,6,0,0,0,pi,4,58,DD
2024,6,10,2155,6,1,1,0,pi,4,58,DD
2024,6,10,2340,6,0,0,0,pi,4,58,DD
2024,6,11,55,1,0,0,0,pi,4,58,LG
2024,6,11,140,1,0,0,0,pi,4,58,LG
2024,6,11,235,1,0,0,0,pi,4,58,LG
2024,6,11,240,1,0,0,0,pi,4,58,LG
2024,6,11,530,2,4,0,4,pi,4,58,LG
2024,6,11,540,2,11,0,11,pi,4,58,LG
2024,6,11,650,2,4,0,4,pi,4,58,LG
2024,6,11,815,2,11,0,11,pi,4,58,LG
2024,6,11,1210,3,2,0,2,pi,4,58,LG
2024,6,11,1220,3,6,0,6,pi,4,58,LG
2024,6,11,1230,3,3,0,3,pi,4,58,LG
2024,6,11,1250,3,2,0,2,pi,4,58,LG
2024,6,11,1355,4,2,0,2,pi,4,58,LG
2024,6,11,1420,4,3,0,3,pi,4,58,LG
2024,6,11,1500,4,1,0,1,pi,4,58,LG
2024,6,11,1515,4,2,0,2,pi,4,58,LG
2024,6,11,1830,5,3,0,3,pi,4,58,LG
2024,6,11,1905,5,5,0,5,pi,4,58,LG
2024,6,11,2005,5,19,0,19,pi,4,58,LG
2024,6,11,2050,5,12,0,12,pi,4,58,LG
2024,6,11,2155,6,0,0,0,pi,4,58,LG
2024,6,11,2240,6,0,0,0,pi,4,58,LG
2024,6,11,2345,6,0,0,0,pi,4,58,LG
2024,6,11,2355,6,0,0,0,pi,4,58,LG
2024,6,12,5,1,0,0,0,pi,4,58,LG
2024,6,12,300,1,1,0,1,pi,4,58,LG
2024,6,12,320,1,0,0,0,pi,4,58,LG
2024,6,12,420,1,0,0,0,pi,4,58,LG
2024,6,12,535,2,5,0,5,pi,4,58,LG
2024,6,12,820,2,0,0,0,pi,4,58,LG
2024,6,12,915,2,2,0,2,pi,4,58,LG
2024,6,12,925,2,9,0,9,pi,4,58,LG
2024,6,12,1230,3,4,0,4,pi,4,58,LG
2024,6,12,1235,3,0,0,0,pi,4,58,LG
2024,6,12,1245,3,1,0,1,pi,4,58,LG
2024,6,12,1300,3,1,0,1,pi,4,58,LG
2024,6,12,1405,4,0,0,0,pi,4,58,LG
2024,6,12,1450,4,0,0,0,pi,4,58,LG
2024,6,12,1515,4,0,0,0,pi,4,58,LG
2024,6,12,1630,4,0,0,0,pi,4,58,LG
2024,6,12,1700,5,0,0,0,pi,4,58,LG
2024,6,12,1900,5,0,0,0,pi,4,58,LG
2024,6,12,1950,5,3,0,3,pi,4,58,LG
2024,6,12,2035,5,4,0,4,pi,4,58,LG
2024,6,12,2110,6,17,0,17,pi,4,58,LG
2024,6,12,2120,6,2,0,2,pi,4,58,LG
2024,6,12,2220,6,0,0,0,pi,4,58,LG
2024,6,12,2225,6,0,0,0,pi,4,58,LG
2024,6,13,0,1,0,0,0,pi,4,58,LG
2024,6,13,135,1,1,0,1,pi,4,58,LG
2024,6,13,325,1,1,0,1,pi,4,58,LG
2024,6,13,430,1,4,0,4,pi,4,58,LG
2024,6,13,530,2,6,0,6,pi,4,58,LG
2024,6,13,900,2,2,0,2,pi,4,58,LG
2024,6,13,920,2,0,0,0,pi,4,58,LG
2024,6,13,930,2,3,0,3,pi,4,58,LG
2024,6,13,1115,3,6,0,6,pi,4,58,LG
2024,6,13,1200,3,2,0,2,pi,4,58,LG
2024,6,13,1310,3,4,0,4,pi,4,58,LG
2024,6,13,1340,3,1,0,1,pi,4,58,"LG, had to use 1350 as 1340 was missing"
2024,6,13,1445,4,0,0,0,pi,4,58,LG
2024,6,13,1510,4,0,0,0,pi,4,58,LG
2024,6,13,1625,4,0,0,0,pi,4,58,LG
2024,6,13,1640,4,1,0,1,pi,4,58,LG
2024,6,13,1835,5,0,0,0,pi,4,58,LG
2024,6,13,1850,5,0,0,0,pi,4,58,LG
2024,6,13,1925,5,0,0,0,pi,4,58,LG
2024,6,13,2045,5,2,0,2,pi,4,58,LG
2024,6,13,2125,6,2,0,2,pi,4,58,LG
2024,6,13,2200,6,0,0,0,pi,4,58,LG
2024,6,13,2335,6,1,0,1,pi,4,58,LG
2024,6,13,2355,6,0,0,0,pi,4,58,LG
2024,6,14,30,1,0,0,0,pi,4,58,LG
2024,6,14,225,1,0,0,0,pi,4,58,LG
2024,6,14,300,1,0,0,0,pi,4,58,LG
2024,6,14,445,1,0,0,0,pi,4,58,LG
2024,6,14,535,2,6,0,6,pi,4,58,LG
2024,6,14,855,2,3,0,3,pi,4,58,LG
2024,6,14,910,2,4,0,4,pi,4,58,LG
2024,6,14,1020,2,1,0,1,pi,4,58,LG
2024,6,14,1055,3,13,0,13,pi,4,58,LG
2024,6,14,1100,3,10,0,10,pi,4,58,LG
2024,6,14,1230,3,2,0,2,pi,4,58,LG
2024,6,14,1320,3,1,0,1,pi,4,58,LG
2024,6,14,1415,4,0,0,0,pi,4,58,LG
2024,6,14,1510,4,0,0,0,pi,4,58,LG
2024,6,14,1520,4,0,0,0,pi,4,58,LG
2024,6,14,1555,4,0,0,0,pi,4,58,LG
2024,6,14,1800,5,0,0,0,pi,4,58,LG
2024,6,14,1840,5,0,0,0,pi,4,58,LG
2024,6,14,1915,5,6,0,6,pi,4,58,LG
2024,6,14,1935,5,0,0,0,pi,4,58,LG
2024,6,14,2100,6,0,0,0,pi,4,58,LG
2024,6,14,2200,6,0,0,0,pi,4,58,LG
2024,6,14,2325,6,0,0,0,pi,4,58,LG
2024,6,14,2330,6,0,0,0,pi,4,58,LG
2024,6,15,110,1,0,0,0,pi,4,58,LG
2024,6,15,245,1,0,0,0,pi,4,58,LG
2024,6,15,320,1,0,0,0,pi,4,58,LG
2024,6,15,340,1,12,0,12,pi,4,58,LG
2024,6,15,710,2,7,0,7,pi,4,58,LG
2024,6,15,755,2,8,0,8,pi,4,58,LG
2024,6,15,1000,2,6,0,6,pi,4,58,LG
2024,6,15,1040,2,2,0,2,pi,4,58,LG
2024,6,15,1230,3,1,0,1,pi,4,58,LG
2024,6,15,1305,3,1,0,1,pi,4,58,LG
2024,6,15,1315,3,1,0,1,pi,4,58,LG
2024,6,15,1330,3,4,0,4,pi,4,58,LG
2024,6,15,1445,4,0,0,0,pi,4,58,LG
2024,6,15,1540,4,0,0,0,pi,4,58,LG
2024,6,15,1605,4,0,0,0,pi,4,58,LG
2024,6,15,1640,4,2,0,2,pi,4,58,LG
2024,6,15,1650,5,0,0,0,pi,4,58,LG
2024,6,15,1655,5,0,0,0,pi,4,58,LG
2024,6,15,1740,5,0,0,0,pi,4,58,LG
2024,6,15,2045,5,7,0,7,pi,4,58,LG
2024,6,15,2100,6,7,0,7,pi,4,58,LG
2024,6,15,2125,6,0,0,0,pi,4,58,LG
2024,6,15,2305,6,0,0,0,pi,4,58,LG
2024,6,15,2320,6,0,0,0,pi,4,58,LG
2024,6,16,5,1,0,0,0,pi,4,58,LG
2024,6,16,55,1,0,0,0,pi,4,58,LG
2024,6,16,310,1,0,0,0,pi,4,58,LG
2024,6,16,455,1,0,0,0,pi,4,58,LG
2024,6,16,515,2,0,0,0,pi,4,58,LG
2024,6,16,535,2,0,0,0,pi,4,58,LG
2024,6,16,615,2,1,0,1,pi,4,58,LG
2024,6,16,940,2,0,0,0,pi,4,58,LG
2024,6,16,1100,3,1,0,1,pi,4,58,LG
2024,6,16,1250,3,0,0,0,pi,4,58,LG
2024,6,16,1305,3,0,0,0,pi,4,58,LG
2024,6,16,1310,3,0,0,0,pi,4,58,LG
2024,6,16,1345,4,0,0,0,pi,4,58,LG
2024,6,16,1415,4,0,0,0,pi,4,58,LG
2024,6,16,1520,4,0,0,0,pi,4,58,LG
2024,6,16,1640,4,0,0,0,pi,4,58,LG
2024,6,16,1655,5,0,0,0,pi,4,58,LG
2024,6,16,1710,5,0,0,0,pi,4,58,LG
2024,6,16,1925,5,0,0,0,pi,4,58,LG
2024,6,16,2035,5,4,0,4,pi,4,58,LG
2024,6,16,2140,6,1,0,1,pi,4,58,LG
2024,6,16,2200,6,0,0,0,pi,4,58,LG
2024,6,16,2310,6,0,0,0,pi,4,58,LG
2024,6,16,2340,6,0,0,0,pi,4,58,LG
2024,6,17,10,1,0,0,0,pi,4,58,LG
2024,6,17,15,1,0,0,0,pi,4,58,LG
2024,6,17,35,1,0,0,0,pi,4,58,LG
2024,6,17,315,1,0,0,0,pi,4,58,LG
2024,6,17,515,2,0,0,0,pi,4,58,LG
2024,6,17,530,2,1,0,1,pi,4,58,LG
2024,6,17,730,2,1,0,1,pi,4,58,LG
2024,6,17,1025,2,1,0,1,pi,4,58,LG
2024,6,17,1100,3,0,0,0,pi,4,58,LG
2024,6,17,1125,3,0,0,0,pi,4,58,LG
2024,6,17,1155,3,0,0,0,pi,4,58,LG
2024,6,17,1205,3,0,0,0,pi,4,58,LG
2024,6,17,1400,4,0,0,0,pi,4,58,LG
2024,6,17,1405,4,0,0,0,pi,4,58,LG
2024,6,17,1600,4,0,0,0,pi,4,58,LG
2024,6,17,1635,4,0,0,0,pi,4,58,LG
2024,6,17,1740,5,0,0,0,pi,4,58,LG
2024,6,17,1940,5,0,0,0,pi,4,58,LG
2024,6,17,2010,5,4,0,4,pi,4,58,LG
2024,6,17,2050,5,2,0,2,pi,4,58,LG
2024,6,17,2130,6,1,0,1,pi,4,58,LG
2024,6,17,2235,6,0,0,0,pi,4,58,LG
2024,6,17,2255,6,0,0,0,pi,4,58,LG
2024,6,17,2320,6,0,0,0,pi,4,58,LG
2024,6,18,0,1,0,0,0,pi,4,58,LG
2024,6,18,140,1,0,0,0,pi,4,58,LG
2024,6,18,235,1,0,0,0,pi,4,58,LG
2024,6,18,430,1,0,0,0,pi,4,58,LG
2024,6,18,525,2,0,0,0,pi,4,58,LG
2024,6,18,645,2,2,0,2,pi,4,58,LG
2024,6,18,735,2,0,0,0,pi,4,58,LG
2024,6,18,905,2,3,0,3,pi,4,58,LG
2024,6,18,1115,3,0,0,0,pi,4,58,LG
2024,6,18,1120,3,0,0,0,pi,4,58,LG
2024,6,18,1125,3,0,0,0,pi,4,58,LG
2024,6,18,1220,3,0,0,0,pi,4,58,LG
2024,6,18,1440,4,0,0,0,pi,4,58,LG
2024,6,18,1445,4,0,0,0,pi,4,58,LG
2024,6,18,1615,4,0,0,0,pi,4,58,LG
2024,6,18,1635,4,0,0,0,pi,4,58,LG
2024,6,18,1800,5,0,0,0,pi,4,58,LG
2024,6,18,1805,5,0,0,0,pi,4,58,LG
2024,6,18,1945,5,3,3,3,pi,4,58,LG
2024,6,18,2015,5,6,6,6,pi,4,58,LG
2024,6,18,2145,6,0,0,0,pi,4,58,LG
2024,6,18,2205,6,0,0,0,pi,4,58,LG
2024,6,18,2305,6,0,0,0,pi,4,58,LG
2024,6,18,2350,6,0,0,0,pi,4,58,LG
2024,6,19,145,1,0,0,0,pi,4,58,LG
2024,6,19,350,1,0,0,0,pi,4,58,LG
2024,6,19,450,1,0,0,0,pi,4,58,LG
2024,6,19,455,1,0,0,0,pi,4,58,LG
2024,6,19,500,2,0,0,0,pi,4,58,LG
2024,6,19,715,2,0,0,0,pi,4,58,LG
2024,6,19,740,2,1,1,1,pi,4,58,LG
2024,6,19,955,2,0,0,0,pi,4,58,LG
2024,6,19,1220,3,0,0,0,pi,4,58,LG
2024,6,19,1240,3,0,0,0,pi,4,58,LG
2024,6,19,1245,3,0,0,0,pi,4,58,LG
2024,6,19,1325,3,0,0,0,pi,4,58,LG
2024,6,19,1350,4,0,0,0,pi,4,58,LG
2024,6,19,1410,4,0,0,0,pi,4,58,LG
2024,6,19,1425,4,0,0,0,pi,4,58,LG
2024,6,19,1510,4,0,0,0,pi,4,58,LG
2024,6,19,1730,5,2,2,2,pi,4,58,LG
2024,6,19,1735,5,0,0,0,pi,4,58,LG
2024,6,19,1740,5,2,2,2,pi,4,58,LG
2024,6,19,1930,5,0,0,0,pi,4,58,LG
2024,6,19,2115,6,0,0,0,pi,4,58,LG
2024,6,19,2125,6,0,0,0,pi,4,58,LG
2024,6,19,2140,6,0,0,0,pi,4,58,LG
2024,6,19,2330,6,0,0,0,pi,4,58,LG
2024,6,20,210,1,0,0,0,pi,4,58,LG
2024,6,20,255,1,0,0,0,pi,4,58,LG
2024,6,20,345,1,0,0,0,pi,4,58,LG
2024,6,20,400,1,0,0,0,pi,4,58,LG
2024,6,20,650,2,0,0,0,pi,4,58,LG
2024,6,20,855,2,0,0,0,pi,4,58,LG
2024,6,20,930,2,0,0,0,pi,4,58,LG
2024,6,20,1015,2,0,0,0,pi,4,58,LG
2024,6,20,1115,3,0,0,0,pi,4,58,LG
2024,6,20,1205,3,0,0,0,pi,4,58,LG
2024,6,20,1325,3,0,0,0,pi,4,58,LG
2024,6,20,1335,3,0,0,0,pi,4,58,LG
2024,6,20,1455,4,0,0,0,pi,4,58,LG
2024,6,20,1535,4,0,0,0,pi,4,58,LG
2024,6,20,1545,4,0,0,0,pi,4,58,LG
2024,6,20,1605,4,0,0,0,pi,4,58,LG
2024,6,20,1650,5,1,0,1,pi,4,58,LG
2024,6,20,1720,5,0,0,0,pi,4,58,LG
2024,6,20,1805,5,1,0,1,pi,4,58,LG
2024,6,20,1905,5,0,0,0,pi,4,58,LG
2024,6,20,2125,6,0,0,0,pi,4,58,LG
2024,6,20,2245,6,0,0,0,pi,4,58,LG
2024,6,20,2330,6,0,0,0,pi,4,58,LG
2024,6,20,2335,6,0,0,0,pi,4,58,LG
2024,6,21,55,1,NA,NA,NA,NA,NA,NA,NA
2024,6,21,100,1,NA,NA,NA,NA,NA,NA,NA
2024,6,21,255,1,NA,NA,NA,NA,NA,NA,NA
2024,6,21,340,1,NA,NA,NA,NA,NA,NA,NA
2024,6,21,505,2,NA,NA,NA,NA,NA,NA,NA
2024,6,21,700,2,NA,NA,NA,NA,NA,NA,NA
2024,6,21,715,2,NA,NA,NA,NA,NA,NA,NA
2024,6,21,730,2,NA,NA,NA,NA,NA,NA,NA
2024,6,21,1200,3,NA,NA,NA,NA,NA,NA,NA
2024,6,21,1220,3,NA,NA,NA,NA,NA,NA,NA
2024,6,21,1300,3,NA,NA,NA,NA,NA,NA,NA
2024,6,21,1320,3,NA,NA,NA,NA,NA,NA,NA
2024,6,21,1355,4,NA,NA,NA,NA,NA,NA,NA
2024,6,21,1425,4,NA,NA,NA,NA,NA,NA,NA
2024,6,21,1440,4,NA,NA,NA,NA,NA,NA,NA
2024,6,21,1520,4,NA,NA,NA,NA,NA,NA,NA
2024,6,21,1840,5,NA,NA,NA,NA,NA,NA,NA
2024,6,21,1930,5,NA,NA,NA,NA,NA,NA,NA
2024,6,21,2035,5,NA,NA,NA,NA,NA,NA,NA
2024,6,21,2045,5,NA,NA,NA,NA,NA,NA,NA
2024,6,21,2210,6,NA,NA,NA,NA,NA,NA,NA
2024,6,21,2250,6,NA,NA,NA,NA,NA,NA,NA
2024,6,21,2325,6,NA,NA,NA,NA,NA,NA,NA
2024,6,21,2330,6,NA,NA,NA,NA,NA,NA,NA
2024,6,22,25,1,NA,NA,NA,NA,NA,NA,NA
2024,6,22,35,1,NA,NA,NA,NA,NA,NA,NA
2024,6,22,45,1,NA,NA,NA,NA,NA,NA,NA
2024,6,22,240,1,NA,NA,NA,NA,NA,NA,NA
2024,6,22,535,2,NA,NA,NA,NA,NA,NA,NA
2024,6,22,735,2,NA,NA,NA,NA,NA,NA,NA
2024,6,22,955,2,NA,NA,NA,NA,NA,NA,NA
2024,6,22,1020,2,NA,NA,NA,NA,NA,NA,NA
2024,6,22,1140,3,NA,NA,NA,NA,NA,NA,NA
2024,6,22,1150,3,NA,NA,NA,NA,NA,NA,NA
2024,6,22,1205,3,NA,NA,NA,NA,NA,NA,NA
2024,6,22,1315,3,NA,NA,NA,NA,NA,NA,NA
2024,6,22,1400,4,NA,NA,NA,NA,NA,NA,NA
2024,6,22,1550,4,NA,NA,NA,NA,NA,NA,NA
2024,6,22,1610,4,NA,NA,NA,NA,NA,NA,NA
2024,6,22,1635,4,NA,NA,NA,NA,NA,NA,NA
2024,6,22,1700,5,NA,NA,NA,NA,NA,NA,NA
2024,6,22,1705,5,NA,NA,NA,NA,NA,NA,NA
2024,6,22,1840,5,NA,NA,NA,NA,NA,NA,NA
2024,6,22,2035,5,NA,NA,NA,NA,NA,NA,NA
2024,6,22,2115,6,NA,NA,NA,NA,NA,NA,NA
2024,6,22,2130,6,NA,NA,NA,NA,NA,NA,NA
2024,6,22,2255,6,NA,NA,NA,NA,NA,NA,NA
2024,6,22,2320,6,NA,NA,NA,NA,NA,NA,NA
2024,6,23,100,1,NA,NA,NA,NA,NA,NA,NA
2024,6,23,145,1,NA,NA,NA,NA,NA,NA,NA
2024,6,23,325,1,NA,NA,NA,NA,NA,NA,NA
2024,6,23,435,1,NA,NA,NA,NA,NA,NA,NA
2024,6,23,650,2,NA,NA,NA,NA,NA,NA,NA
2024,6,23,825,2,NA,NA,NA,NA,NA,NA,NA
2024,6,23,900,2,NA,NA,NA,NA,NA,NA,NA
2024,6,23,945,2,NA,NA,NA,NA,NA,NA,NA
2024,6,23,1045,3,NA,NA,NA,NA,NA,NA,NA
2024,6,23,1105,3,NA,NA,NA,NA,NA,NA,NA
2024,6,23,1205,3,NA,NA,NA,NA,NA,NA,NA
2024,6,23,1230,3,NA,NA,NA,NA,NA,NA,NA
2024,6,23,1500,4,NA,NA,NA,NA,NA,NA,NA
2024,6,23,1515,4,NA,NA,NA,NA,NA,NA,NA
2024,6,23,1605,4,NA,NA,NA,NA,NA,NA,NA
2024,6,23,1610,4,NA,NA,NA,NA,NA,NA,NA
2024,6,23,1650,5,NA,NA,NA,NA,NA,NA,NA
2024,6,23,1900,5,NA,NA,NA,NA,NA,NA,NA
2024,6,23,1920,5,NA,NA,NA,NA,NA,NA,NA
2024,6,23,2045,5,NA,NA,NA,NA,NA,NA,NA
2024,6,23,2115,6,NA,NA,NA,NA,NA,NA,NA
2024,6,23,2155,6,NA,NA,NA,NA,NA,NA,NA
2024,6,23,2225,6,NA,NA,NA,NA,NA,NA,NA
2024,6,23,2255,6,NA,NA,NA,NA,NA,NA,NA
2024,6,24,45,1,NA,NA,NA,NA,NA,NA,NA
2024,6,24,55,1,NA,NA,NA,NA,NA,NA,NA
2024,6,24,440,1,NA,NA,NA,NA,NA,NA,NA
2024,6,24,445,1,NA,NA,NA,NA,NA,NA,NA
2024,6,24,520,2,NA,NA,NA,NA,NA,NA,NA
2024,6,24,705,2,NA,NA,NA,NA,NA,NA,NA
2024,6,24,720,2,NA,NA,NA,NA,NA,NA,NA
2024,6,24,740,2,NA,NA,NA,NA,NA,NA,NA
2024,6,24,1115,3,NA,NA,NA,NA,NA,NA,NA
2024,6,24,1200,3,NA,NA,NA,NA,NA,NA,NA
2024,6,24,1240,3,NA,NA,NA,NA,NA,NA,NA
2024,6,24,1250,3,NA,NA,NA,NA,NA,NA,NA
2024,6,24,1350,4,NA,NA,NA,NA,NA,NA,NA
2024,6,24,1410,4,NA,NA,NA,NA,NA,NA,NA
2024,6,24,1440,4,NA,NA,NA,NA,NA,NA,NA
2024,6,24,1510,4,NA,NA,NA,NA,NA,NA,NA
2024,6,24,1745,5,NA,NA,NA,NA,NA,NA,NA
2024,6,24,1805,5,NA,NA,NA,NA,NA,NA,NA
2024,6,24,1825,5,NA,NA,NA,NA,NA,NA,NA
2024,6,24,1905,5,NA,NA,NA,NA,NA,NA,NA
2024,6,24,2105,6,NA,NA,NA,NA,NA,NA,NA
2024,6,24,2115,6,NA,NA,NA,NA,NA,NA,NA
2024,6,24,2240,6,NA,NA,NA,NA,NA,NA,NA
2024,6,24,2250,6,NA,NA,NA,NA,NA,NA,NA
2024,6,25,50,1,NA,NA,NA,NA,NA,NA,NA
2024,6,25,155,1,NA,NA,NA,NA,NA,NA,NA
2024,6,25,230,1,NA,NA,NA,NA,NA,NA,NA
2024,6,25,430,1,NA,NA,NA,NA,NA,NA,NA
2024,6,25,615,2,NA,NA,NA,NA,NA,NA,NA
2024,6,25,655,2,NA,NA,NA,NA,NA,NA,NA
2024,6,25,725,2,NA,NA,NA,NA,NA,NA,NA
2024,6,25,1005,2,NA,NA,NA,NA,NA,NA,NA
2024,6,25,1110,3,NA,NA,NA,NA,NA,NA,NA
2024,6,25,1130,3,NA,NA,NA,NA,NA,NA,NA
2024,6,25,1210,3,NA,NA,NA,NA,NA,NA,NA
2024,6,25,1320,3,NA,NA,NA,NA,NA,NA,NA
2024,6,25,1350,4,NA,NA,NA,NA,NA,NA,NA
2024,6,25,1400,4,NA,NA,NA,NA,NA,NA,NA
2024,6,25,1610,4,NA,NA,NA,NA,NA,NA,NA
2024,6,25,1640,4,NA,NA,NA,NA,NA,NA,NA
2024,6,25,1800,5,NA,NA,NA,NA,NA,NA,NA
2024,6,25,1805,5,NA,NA,NA,NA,NA,NA,NA
2024,6,25,1825,5,NA,NA,NA,NA,NA,NA,NA
2024,6,25,1955,5,NA,NA,NA,NA,NA,NA,NA
2024,6,25,2215,6,NA,NA,NA,NA,NA,NA,NA
2024,6,25,2240,6,NA,NA,NA,NA,NA,NA,NA
2024,6,25,2320,6,NA,NA,NA,NA,NA,NA,NA
2024,6,25,2345,6,NA,NA,NA,NA,NA,NA,NA
2024,6,26,40,1,NA,NA,NA,NA,NA,NA,NA
2024,6,26,120,1,NA,NA,NA,NA,NA,NA,NA
2024,6,26,130,1,NA,NA,NA,NA,NA,NA,NA
2024,6,26,430,1,NA,NA,NA,NA,NA,NA,NA
2024,6,26,505,2,NA,NA,NA,NA,NA,NA,NA
2024,6,26,705,2,NA,NA,NA,NA,NA,NA,NA
2024,6,26,745,2,NA,NA,NA,NA,NA,NA,NA
2024,6,26,1040,2,NA,NA,NA,NA,NA,NA,NA
2024,6,26,1135,3,NA,NA,NA,NA,NA,NA,NA
2024,6,26,1155,3,NA,NA,NA,NA,NA,NA,NA
2024,6,26,1205,3,NA,NA,NA,NA,NA,NA,NA
2024,6,26,1340,3,NA,NA,NA,NA,NA,NA,NA
2024,6,26,1425,4,NA,NA,NA,NA,NA,NA,NA
2024,6,26,1520,4,NA,NA,NA,NA,NA,NA,NA
2024,6,26,1545,4,NA,NA,NA,NA,NA,NA,NA
2024,6,26,1620,4,NA,NA,NA,NA,NA,NA,NA
2024,6,26,1745,5,NA,NA,NA,NA,NA,NA,NA
2024,6,26,1750,5,NA,NA,NA,NA,NA,NA,NA
2024,6,26,1815,5,NA,NA,NA,NA,NA,NA,NA
2024,6,26,1850,5,NA,NA,NA,NA,NA,NA,NA
2024,6,26,2205,6,NA,NA,NA,NA,NA,NA,NA
2024,6,26,2300,6,NA,NA,NA,NA,NA,NA,NA
2024,6,26,2320,6,NA,NA,NA,NA,NA,NA,NA
2024,6,26,2345,6,NA,NA,NA,NA,NA,NA,NA
2024,6,27,125,1,NA,NA,NA,NA,NA,NA,NA
2024,6,27,155,1,NA,NA,NA,NA,NA,NA,NA
2024,6,27,405,1,NA,NA,NA,NA,NA,NA,NA
2024,6,27,455,1,NA,NA,NA,NA,NA,NA,NA
2024,6,27,540,2,NA,NA,NA,NA,NA,NA,NA
2024,6,27,730,2,NA,NA,NA,NA,NA,NA,NA
2024,6,27,825,2,NA,NA,NA,NA,NA,NA,NA
2024,6,27,1000,2,NA,NA,NA,NA,NA,NA,NA
2024,6,27,1045,3,NA,NA,NA,NA,NA,NA,NA
2024,6,27,1205,3,NA,NA,NA,NA,NA,NA,NA
2024,6,27,1220,3,NA,NA,NA,NA,NA,NA,NA
2024,6,27,1300,3,NA,NA,NA,NA,NA,NA,NA
2024,6,27,1400,4,NA,NA,NA,NA,NA,NA,NA
2024,6,27,1520,4,NA,NA,NA,NA,NA,NA,NA
2024,6,27,1535,4,NA,NA,NA,NA,NA,NA,NA
2024,6,27,1625,4,NA,NA,NA,NA,NA,NA,NA
2024,6,27,1800,5,NA,NA,NA,NA,NA,NA,NA
2024,6,27,1810,5,NA,NA,NA,NA,NA,NA,NA
2024,6,27,1825,5,NA,NA,NA,NA,NA,NA,NA
2024,6,27,1855,5,NA,NA,NA,NA,NA,NA,NA
2024,6,27,2145,6,NA,NA,NA,NA,NA,NA,NA
2024,6,27,2200,6,NA,NA,NA,NA,NA,NA,NA
2024,6,27,2325,6,NA,NA,NA,NA,NA,NA,NA
2024,6,27,2350,6,NA,NA,NA,NA,NA,NA,NA
2024,6,28,100,1,NA,NA,NA,NA,NA,NA,NA
2024,6,28,320,1,NA,NA,NA,NA,NA,NA,NA
2024,6,28,355,1,NA,NA,NA,NA,NA,NA,NA
2024,6,28,430,1,NA,NA,NA,NA,NA,NA,NA
2024,6,28,545,2,NA,NA,NA,NA,NA,NA,NA
2024,6,28,625,2,NA,NA,NA,NA,NA,NA,NA
2024,6,28,900,2,NA,NA,NA,NA,NA,NA,NA
2024,6,28,1015,2,NA,NA,NA,NA,NA,NA,NA
2024,6,28,1145,3,NA,NA,NA,NA,NA,NA,NA
2024,6,28,1200,3,NA,NA,NA,NA,NA,NA,NA
2024,6,28,1245,3,NA,NA,NA,NA,NA,NA,NA
2024,6,28,1340,3,NA,NA,NA,NA,NA,NA,NA
2024,6,28,1400,4,NA,NA,NA,NA,NA,NA,NA
2024,6,28,1505,4,NA,NA,NA,NA,NA,NA,NA
2024,6,28,1555,4,NA,NA,NA,NA,NA,NA,NA
2024,6,28,1625,4,NA,NA,NA,NA,NA,NA,NA
2024,6,28,1710,5,NA,NA,NA,NA,NA,NA,NA
2024,6,28,1840,5,NA,NA,NA,NA,NA,NA,NA
2024,6,28,1900,5,NA,NA,NA,NA,NA,NA,NA
2024,6,28,1950,5,NA,NA,NA,NA,NA,NA,NA
2024,6,28,2100,6,NA,NA,NA,NA,NA,NA,NA
2024,6,28,2125,6,NA,NA,NA,NA,NA,NA,NA
2024,6,28,2135,6,NA,NA,NA,NA,NA,NA,NA
2024,6,28,2255,6,NA,NA,NA,NA,NA,NA,NA
2024,6,29,120,1,NA,NA,NA,NA,NA,NA,NA
2024,6,29,145,1,NA,NA,NA,NA,NA,NA,NA
2024,6,29,155,1,NA,NA,NA,NA,NA,NA,NA
2024,6,29,250,1,NA,NA,NA,NA,NA,NA,NA
2024,6,29,505,2,NA,NA,NA,NA,NA,NA,NA
2024,6,29,615,2,NA,NA,NA,NA,NA,NA,NA
2024,6,29,640,2,NA,NA,NA,NA,NA,NA,NA
2024,6,29,715,2,NA,NA,NA,NA,NA,NA,NA
2024,6,29,1115,3,NA,NA,NA,NA,NA,NA,NA
2024,6,29,1245,3,NA,NA,NA,NA,NA,NA,NA
2024,6,29,1315,3,NA,NA,NA,NA,NA,NA,NA
2024,6,29,1325,3,NA,NA,NA,NA,NA,NA,NA
2024,6,29,1405,4,NA,NA,NA,NA,NA,NA,NA
2024,6,29,1455,4,NA,NA,NA,NA,NA,NA,NA
2024,6,29,1525,4,NA,NA,NA,NA,NA,NA,NA
2024,6,29,1625,4,NA,NA,NA,NA,NA,NA,NA
2024,6,29,1710,5,NA,NA,NA,NA,NA,NA,NA
2024,6,29,1935,5,NA,NA,NA,NA,NA,NA,NA
2024,6,29,2030,5,NA,NA,NA,NA,NA,NA,NA
2024,6,29,2040,5,NA,NA,NA,NA,NA,NA,NA
2024,6,29,2120,6,NA,NA,NA,NA,NA,NA,NA
2024,6,29,2150,6,NA,NA,NA,NA,NA,NA,NA
2024,6,29,2225,6,NA,NA,NA,NA,NA,NA,NA
2024,6,29,2240,6,NA,NA,NA,NA,NA,NA,NA
2024,6,30,130,1,NA,NA,NA,NA,NA,NA,NA
2024,6,30,220,1,NA,NA,NA,NA,NA,NA,NA
2024,6,30,445,1,NA,NA,NA,NA,NA,NA,NA
2024,6,30,455,1,NA,NA,NA,NA,NA,NA,NA
2024,6,30,515,2,NA,NA,NA,NA,NA,NA,NA
2024,6,30,655,2,NA,NA,NA,NA,NA,NA,NA
2024,6,30,930,2,NA,NA,NA,NA,NA,NA,NA
2024,6,30,1035,2,NA,NA,NA,NA,NA,NA,NA
2024,6,30,1230,3,NA,NA,NA,NA,NA,NA,NA
2024,6,30,1235,3,NA,NA,NA,NA,NA,NA,NA
2024,6,30,1245,3,NA,NA,NA,NA,NA,NA,NA
2024,6,30,1340,3,NA,NA,NA,NA,NA,NA,NA
2024,6,30,1350,4,NA,NA,NA,NA,NA,NA,NA
2024,6,30,1455,4,NA,NA,NA,NA,NA,NA,NA
2024,6,30,1615,4,NA,NA,NA,NA,NA,NA,NA
2024,6,30,1620,4,NA,NA,NA,NA,NA,NA,NA
2024,6,30,1700,5,NA,NA,NA,NA,NA,NA,NA
2024,6,30,1745,5,NA,NA,NA,NA,NA,NA,NA
2024,6,30,1950,5,NA,NA,NA,NA,NA,NA,NA
2024,6,30,2005,5,NA,NA,NA,NA,NA,NA,NA
2024,6,30,2115,6,NA,NA,NA,NA,NA,NA,NA
2024,6,30,2120,6,NA,NA,NA,NA,NA,NA,NA
2024,6,30,2210,6,NA,NA,NA,NA,NA,NA,NA
2024,6,30,2350,6,NA,NA,NA,NA,NA,NA,NA
